Date,FEDFUNDS
1/2/02,1.73
1/3/02,1.73
1/4/02,1.73
1/7/02,1.73
1/8/02,1.73
1/9/02,1.73
1/10/02,1.73
1/11/02,1.73
1/14/02,1.73
1/15/02,1.73
1/16/02,1.73
1/17/02,1.73
1/18/02,1.73
1/22/02,1.73
1/23/02,1.73
1/24/02,1.73
1/25/02,1.73
1/28/02,1.73
1/29/02,1.73
1/30/02,1.73
1/31/02,1.73
2/1/02,1.74
2/4/02,1.74
2/5/02,1.74
2/6/02,1.74
2/7/02,1.74
2/8/02,1.74
2/11/02,1.74
2/12/02,1.74
2/13/02,1.74
2/14/02,1.74
2/15/02,1.74
2/19/02,1.74
2/20/02,1.74
2/21/02,1.74
2/22/02,1.74
2/25/02,1.74
2/26/02,1.74
2/27/02,1.74
2/28/02,1.74
3/1/02,1.73
3/4/02,1.73
3/5/02,1.73
3/6/02,1.73
3/7/02,1.73
3/8/02,1.73
3/11/02,1.73
3/12/02,1.73
3/13/02,1.73
3/14/02,1.73
3/15/02,1.73
3/18/02,1.73
3/19/02,1.73
3/20/02,1.73
3/21/02,1.73
3/22/02,1.73
3/25/02,1.73
3/26/02,1.73
3/27/02,1.73
3/28/02,1.73
4/1/02,1.75
4/2/02,1.75
4/3/02,1.75
4/4/02,1.75
4/5/02,1.75
4/8/02,1.75
4/9/02,1.75
4/10/02,1.75
4/11/02,1.75
4/12/02,1.75
4/15/02,1.75
4/16/02,1.75
4/17/02,1.75
4/18/02,1.75
4/19/02,1.75
4/22/02,1.75
4/23/02,1.75
4/24/02,1.75
4/25/02,1.75
4/26/02,1.75
4/29/02,1.75
4/30/02,1.75
5/1/02,1.75
5/2/02,1.75
5/3/02,1.75
5/6/02,1.75
5/7/02,1.75
5/8/02,1.75
5/9/02,1.75
5/10/02,1.75
5/13/02,1.75
5/14/02,1.75
5/15/02,1.75
5/16/02,1.75
5/17/02,1.75
5/20/02,1.75
5/21/02,1.75
5/22/02,1.75
5/23/02,1.75
5/24/02,1.75
5/28/02,1.75
5/29/02,1.75
5/30/02,1.75
5/31/02,1.75
6/3/02,1.75
6/4/02,1.75
6/5/02,1.75
6/6/02,1.75
6/7/02,1.75
6/10/02,1.75
6/11/02,1.75
6/12/02,1.75
6/13/02,1.75
6/14/02,1.75
6/17/02,1.75
6/18/02,1.75
6/19/02,1.75
6/20/02,1.75
6/21/02,1.75
6/24/02,1.75
6/25/02,1.75
6/26/02,1.75
6/27/02,1.75
6/28/02,1.75
7/1/02,1.73
7/2/02,1.73
7/3/02,1.73
7/5/02,1.73
7/8/02,1.73
7/9/02,1.73
7/10/02,1.73
7/11/02,1.73
7/12/02,1.73
7/15/02,1.73
7/16/02,1.73
7/17/02,1.73
7/18/02,1.73
7/19/02,1.73
7/22/02,1.73
7/23/02,1.73
7/24/02,1.73
7/25/02,1.73
7/26/02,1.73
7/29/02,1.73
7/30/02,1.73
7/31/02,1.73
8/1/02,1.74
8/2/02,1.74
8/5/02,1.74
8/6/02,1.74
8/7/02,1.74
8/8/02,1.74
8/9/02,1.74
8/12/02,1.74
8/13/02,1.74
8/14/02,1.74
8/15/02,1.74
8/16/02,1.74
8/19/02,1.74
8/20/02,1.74
8/21/02,1.74
8/22/02,1.74
8/23/02,1.74
8/26/02,1.74
8/27/02,1.74
8/28/02,1.74
8/29/02,1.74
8/30/02,1.74
9/3/02,1.75
9/4/02,1.75
9/5/02,1.75
9/6/02,1.75
9/9/02,1.75
9/10/02,1.75
9/11/02,1.75
9/12/02,1.75
9/13/02,1.75
9/16/02,1.75
9/17/02,1.75
9/18/02,1.75
9/19/02,1.75
9/20/02,1.75
9/23/02,1.75
9/24/02,1.75
9/25/02,1.75
9/26/02,1.75
9/27/02,1.75
9/30/02,1.75
10/1/02,1.75
10/2/02,1.75
10/3/02,1.75
10/4/02,1.75
10/7/02,1.75
10/8/02,1.75
10/9/02,1.75
10/10/02,1.75
10/11/02,1.75
10/14/02,1.75
10/15/02,1.75
10/16/02,1.75
10/17/02,1.75
10/18/02,1.75
10/21/02,1.75
10/22/02,1.75
10/23/02,1.75
10/24/02,1.75
10/25/02,1.75
10/28/02,1.75
10/29/02,1.75
10/30/02,1.75
10/31/02,1.75
11/1/02,1.34
11/4/02,1.34
11/5/02,1.34
11/6/02,1.34
11/7/02,1.34
11/8/02,1.34
11/11/02,1.34
11/12/02,1.34
11/13/02,1.34
11/14/02,1.34
11/15/02,1.34
11/18/02,1.34
11/19/02,1.34
11/20/02,1.34
11/21/02,1.34
11/22/02,1.34
11/25/02,1.34
11/26/02,1.34
11/27/02,1.34
11/29/02,1.34
12/2/02,1.24
12/3/02,1.24
12/4/02,1.24
12/5/02,1.24
12/6/02,1.24
12/9/02,1.24
12/10/02,1.24
12/11/02,1.24
12/12/02,1.24
12/13/02,1.24
12/16/02,1.24
12/17/02,1.24
12/18/02,1.24
12/19/02,1.24
12/20/02,1.24
12/23/02,1.24
12/24/02,1.24
12/26/02,1.24
12/27/02,1.24
12/30/02,1.24
12/31/02,1.24
1/2/03,1.24
1/3/03,1.24
1/6/03,1.24
1/7/03,1.24
1/8/03,1.24
1/9/03,1.24
1/10/03,1.24
1/13/03,1.24
1/14/03,1.24
1/15/03,1.24
1/16/03,1.24
1/17/03,1.24
1/21/03,1.24
1/22/03,1.24
1/23/03,1.24
1/24/03,1.24
1/27/03,1.24
1/28/03,1.24
1/29/03,1.24
1/30/03,1.24
1/31/03,1.24
2/3/03,1.26
2/4/03,1.26
2/5/03,1.26
2/6/03,1.26
2/7/03,1.26
2/10/03,1.26
2/11/03,1.26
2/12/03,1.26
2/13/03,1.26
2/14/03,1.26
2/18/03,1.26
2/19/03,1.26
2/20/03,1.26
2/21/03,1.26
2/24/03,1.26
2/25/03,1.26
2/26/03,1.26
2/27/03,1.26
2/28/03,1.26
3/3/03,1.25
3/4/03,1.25
3/5/03,1.25
3/6/03,1.25
3/7/03,1.25
3/10/03,1.25
3/11/03,1.25
3/12/03,1.25
3/13/03,1.25
3/14/03,1.25
3/17/03,1.25
3/18/03,1.25
3/19/03,1.25
3/20/03,1.25
3/21/03,1.25
3/24/03,1.25
3/25/03,1.25
3/26/03,1.25
3/27/03,1.25
3/28/03,1.25
3/31/03,1.25
4/1/03,1.26
4/2/03,1.26
4/3/03,1.26
4/4/03,1.26
4/7/03,1.26
4/8/03,1.26
4/9/03,1.26
4/10/03,1.26
4/11/03,1.26
4/14/03,1.26
4/15/03,1.26
4/16/03,1.26
4/17/03,1.26
4/21/03,1.26
4/22/03,1.26
4/23/03,1.26
4/24/03,1.26
4/25/03,1.26
4/28/03,1.26
4/29/03,1.26
4/30/03,1.26
5/1/03,1.26
5/2/03,1.26
5/5/03,1.26
5/6/03,1.26
5/7/03,1.26
5/8/03,1.26
5/9/03,1.26
5/12/03,1.26
5/13/03,1.26
5/14/03,1.26
5/15/03,1.26
5/16/03,1.26
5/19/03,1.26
5/20/03,1.26
5/21/03,1.26
5/22/03,1.26
5/23/03,1.26
5/27/03,1.26
5/28/03,1.26
5/29/03,1.26
5/30/03,1.26
6/2/03,1.22
6/3/03,1.22
6/4/03,1.22
6/5/03,1.22
6/6/03,1.22
6/9/03,1.22
6/10/03,1.22
6/11/03,1.22
6/12/03,1.22
6/13/03,1.22
6/16/03,1.22
6/17/03,1.22
6/18/03,1.22
6/19/03,1.22
6/20/03,1.22
6/23/03,1.22
6/24/03,1.22
6/25/03,1.22
6/26/03,1.22
6/27/03,1.22
6/30/03,1.22
7/1/03,1.01
7/2/03,1.01
7/3/03,1.01
7/7/03,1.01
7/8/03,1.01
7/9/03,1.01
7/10/03,1.01
7/11/03,1.01
7/14/03,1.01
7/15/03,1.01
7/16/03,1.01
7/17/03,1.01
7/18/03,1.01
7/21/03,1.01
7/22/03,1.01
7/23/03,1.01
7/24/03,1.01
7/25/03,1.01
7/28/03,1.01
7/29/03,1.01
7/30/03,1.01
7/31/03,1.01
8/1/03,1.03
8/4/03,1.03
8/5/03,1.03
8/6/03,1.03
8/7/03,1.03
8/8/03,1.03
8/11/03,1.03
8/12/03,1.03
8/13/03,1.03
8/14/03,1.03
8/15/03,1.03
8/18/03,1.03
8/19/03,1.03
8/20/03,1.03
8/21/03,1.03
8/22/03,1.03
8/25/03,1.03
8/26/03,1.03
8/27/03,1.03
8/28/03,1.03
8/29/03,1.03
9/2/03,1.01
9/3/03,1.01
9/4/03,1.01
9/5/03,1.01
9/8/03,1.01
9/9/03,1.01
9/10/03,1.01
9/11/03,1.01
9/12/03,1.01
9/15/03,1.01
9/16/03,1.01
9/17/03,1.01
9/18/03,1.01
9/19/03,1.01
9/22/03,1.01
9/23/03,1.01
9/24/03,1.01
9/25/03,1.01
9/26/03,1.01
9/29/03,1.01
9/30/03,1.01
10/1/03,1.01
10/2/03,1.01
10/3/03,1.01
10/6/03,1.01
10/7/03,1.01
10/8/03,1.01
10/9/03,1.01
10/10/03,1.01
10/13/03,1.01
10/14/03,1.01
10/15/03,1.01
10/16/03,1.01
10/17/03,1.01
10/20/03,1.01
10/21/03,1.01
10/22/03,1.01
10/23/03,1.01
10/24/03,1.01
10/27/03,1.01
10/28/03,1.01
10/29/03,1.01
10/30/03,1.01
10/31/03,1.01
11/3/03,1
11/4/03,1
11/5/03,1
11/6/03,1
11/7/03,1
11/10/03,1
11/11/03,1
11/12/03,1
11/13/03,1
11/14/03,1
11/17/03,1
11/18/03,1
11/19/03,1
11/20/03,1
11/21/03,1
11/24/03,1
11/25/03,1
11/26/03,1
11/28/03,1
12/1/03,0.98
12/2/03,0.98
12/3/03,0.98
12/4/03,0.98
12/5/03,0.98
12/8/03,0.98
12/9/03,0.98
12/10/03,0.98
12/11/03,0.98
12/12/03,0.98
12/15/03,0.98
12/16/03,0.98
12/17/03,0.98
12/18/03,0.98
12/19/03,0.98
12/22/03,0.98
12/23/03,0.98
12/24/03,0.98
12/26/03,0.98
12/29/03,0.98
12/30/03,0.98
12/31/03,0.98
1/2/04,1
1/5/04,1
1/6/04,1
1/7/04,1
1/8/04,1
1/9/04,1
1/12/04,1
1/13/04,1
1/14/04,1
1/15/04,1
1/16/04,1
1/20/04,1
1/21/04,1
1/22/04,1
1/23/04,1
1/26/04,1
1/27/04,1
1/28/04,1
1/29/04,1
1/30/04,1
2/2/04,1.01
2/3/04,1.01
2/4/04,1.01
2/5/04,1.01
2/6/04,1.01
2/9/04,1.01
2/10/04,1.01
2/11/04,1.01
2/12/04,1.01
2/13/04,1.01
2/17/04,1.01
2/18/04,1.01
2/19/04,1.01
2/20/04,1.01
2/23/04,1.01
2/24/04,1.01
2/25/04,1.01
2/26/04,1.01
2/27/04,1.01
3/1/04,1
3/2/04,1
3/3/04,1
3/4/04,1
3/5/04,1
3/8/04,1
3/9/04,1
3/10/04,1
3/11/04,1
3/12/04,1
3/15/04,1
3/16/04,1
3/17/04,1
3/18/04,1
3/19/04,1
3/22/04,1
3/23/04,1
3/24/04,1
3/25/04,1
3/26/04,1
3/29/04,1
3/30/04,1
3/31/04,1
4/1/04,1
4/2/04,1
4/5/04,1
4/6/04,1
4/7/04,1
4/8/04,1
4/12/04,1
4/13/04,1
4/14/04,1
4/15/04,1
4/16/04,1
4/19/04,1
4/20/04,1
4/21/04,1
4/22/04,1
4/23/04,1
4/26/04,1
4/27/04,1
4/28/04,1
4/29/04,1
4/30/04,1
5/3/04,1
5/4/04,1
5/5/04,1
5/6/04,1
5/7/04,1
5/10/04,1
5/11/04,1
5/12/04,1
5/13/04,1
5/14/04,1
5/17/04,1
5/18/04,1
5/19/04,1
5/20/04,1
5/21/04,1
5/24/04,1
5/25/04,1
5/26/04,1
5/27/04,1
5/28/04,1
6/1/04,1.03
6/2/04,1.03
6/3/04,1.03
6/4/04,1.03
6/7/04,1.03
6/8/04,1.03
6/9/04,1.03
6/10/04,1.03
6/14/04,1.03
6/15/04,1.03
6/16/04,1.03
6/17/04,1.03
6/18/04,1.03
6/21/04,1.03
6/22/04,1.03
6/23/04,1.03
6/24/04,1.03
6/25/04,1.03
6/28/04,1.03
6/29/04,1.03
6/30/04,1.03
7/1/04,1.26
7/2/04,1.26
7/6/04,1.26
7/7/04,1.26
7/8/04,1.26
7/9/04,1.26
7/12/04,1.26
7/13/04,1.26
7/14/04,1.26
7/15/04,1.26
7/16/04,1.26
7/19/04,1.26
7/20/04,1.26
7/21/04,1.26
7/22/04,1.26
7/23/04,1.26
7/26/04,1.26
7/27/04,1.26
7/28/04,1.26
7/29/04,1.26
7/30/04,1.26
8/2/04,1.43
8/3/04,1.43
8/4/04,1.43
8/5/04,1.43
8/6/04,1.43
8/9/04,1.43
8/10/04,1.43
8/11/04,1.43
8/12/04,1.43
8/13/04,1.43
8/16/04,1.43
8/17/04,1.43
8/18/04,1.43
8/19/04,1.43
8/20/04,1.43
8/23/04,1.43
8/24/04,1.43
8/25/04,1.43
8/26/04,1.43
8/27/04,1.43
8/30/04,1.43
8/31/04,1.43
9/1/04,1.61
9/2/04,1.61
9/3/04,1.61
9/7/04,1.61
9/8/04,1.61
9/9/04,1.61
9/10/04,1.61
9/13/04,1.61
9/14/04,1.61
9/15/04,1.61
9/16/04,1.61
9/17/04,1.61
9/20/04,1.61
9/21/04,1.61
9/22/04,1.61
9/23/04,1.61
9/24/04,1.61
9/27/04,1.61
9/28/04,1.61
9/29/04,1.61
9/30/04,1.61
10/1/04,1.76
10/4/04,1.76
10/5/04,1.76
10/6/04,1.76
10/7/04,1.76
10/8/04,1.76
10/11/04,1.76
10/12/04,1.76
10/13/04,1.76
10/14/04,1.76
10/15/04,1.76
10/18/04,1.76
10/19/04,1.76
10/20/04,1.76
10/21/04,1.76
10/22/04,1.76
10/25/04,1.76
10/26/04,1.76
10/27/04,1.76
10/28/04,1.76
10/29/04,1.76
11/1/04,1.93
11/2/04,1.93
11/3/04,1.93
11/4/04,1.93
11/5/04,1.93
11/8/04,1.93
11/9/04,1.93
11/10/04,1.93
11/11/04,1.93
11/12/04,1.93
11/15/04,1.93
11/16/04,1.93
11/17/04,1.93
11/18/04,1.93
11/19/04,1.93
11/22/04,1.93
11/23/04,1.93
11/24/04,1.93
11/26/04,1.93
11/29/04,1.93
11/30/04,1.93
12/1/04,2.16
12/2/04,2.16
12/3/04,2.16
12/6/04,2.16
12/7/04,2.16
12/8/04,2.16
12/9/04,2.16
12/10/04,2.16
12/13/04,2.16
12/14/04,2.16
12/15/04,2.16
12/16/04,2.16
12/17/04,2.16
12/20/04,2.16
12/21/04,2.16
12/22/04,2.16
12/23/04,2.16
12/27/04,2.16
12/28/04,2.16
12/29/04,2.16
12/30/04,2.16
12/31/04,2.16
1/3/05,2.28
1/4/05,2.28
1/5/05,2.28
1/6/05,2.28
1/7/05,2.28
1/10/05,2.28
1/11/05,2.28
1/12/05,2.28
1/13/05,2.28
1/14/05,2.28
1/18/05,2.28
1/19/05,2.28
1/20/05,2.28
1/21/05,2.28
1/24/05,2.28
1/25/05,2.28
1/26/05,2.28
1/27/05,2.28
1/28/05,2.28
1/31/05,2.28
2/1/05,2.5
2/2/05,2.5
2/3/05,2.5
2/4/05,2.5
2/7/05,2.5
2/8/05,2.5
2/9/05,2.5
2/10/05,2.5
2/11/05,2.5
2/14/05,2.5
2/15/05,2.5
2/16/05,2.5
2/17/05,2.5
2/18/05,2.5
2/22/05,2.5
2/23/05,2.5
2/24/05,2.5
2/25/05,2.5
2/28/05,2.5
3/1/05,2.63
3/2/05,2.63
3/3/05,2.63
3/4/05,2.63
3/7/05,2.63
3/8/05,2.63
3/9/05,2.63
3/10/05,2.63
3/11/05,2.63
3/14/05,2.63
3/15/05,2.63
3/16/05,2.63
3/17/05,2.63
3/18/05,2.63
3/21/05,2.63
3/22/05,2.63
3/23/05,2.63
3/24/05,2.63
3/28/05,2.63
3/29/05,2.63
3/30/05,2.63
3/31/05,2.63
4/1/05,2.79
4/4/05,2.79
4/5/05,2.79
4/6/05,2.79
4/7/05,2.79
4/8/05,2.79
4/11/05,2.79
4/12/05,2.79
4/13/05,2.79
4/14/05,2.79
4/15/05,2.79
4/18/05,2.79
4/19/05,2.79
4/20/05,2.79
4/21/05,2.79
4/22/05,2.79
4/25/05,2.79
4/26/05,2.79
4/27/05,2.79
4/28/05,2.79
4/29/05,2.79
5/2/05,3
5/3/05,3
5/4/05,3
5/5/05,3
5/6/05,3
5/9/05,3
5/10/05,3
5/11/05,3
5/12/05,3
5/13/05,3
5/16/05,3
5/17/05,3
5/18/05,3
5/19/05,3
5/20/05,3
5/23/05,3
5/24/05,3
5/25/05,3
5/26/05,3
5/27/05,3
5/31/05,3
6/1/05,3.04
6/2/05,3.04
6/3/05,3.04
6/6/05,3.04
6/7/05,3.04
6/8/05,3.04
6/9/05,3.04
6/10/05,3.04
6/13/05,3.04
6/14/05,3.04
6/15/05,3.04
6/16/05,3.04
6/17/05,3.04
6/20/05,3.04
6/21/05,3.04
6/22/05,3.04
6/23/05,3.04
6/24/05,3.04
6/27/05,3.04
6/28/05,3.04
6/29/05,3.04
6/30/05,3.04
7/1/05,3.26
7/5/05,3.26
7/6/05,3.26
7/7/05,3.26
7/8/05,3.26
7/11/05,3.26
7/12/05,3.26
7/13/05,3.26
7/14/05,3.26
7/15/05,3.26
7/18/05,3.26
7/19/05,3.26
7/20/05,3.26
7/21/05,3.26
7/22/05,3.26
7/25/05,3.26
7/26/05,3.26
7/27/05,3.26
7/28/05,3.26
7/29/05,3.26
8/1/05,3.5
8/2/05,3.5
8/3/05,3.5
8/4/05,3.5
8/5/05,3.5
8/8/05,3.5
8/9/05,3.5
8/10/05,3.5
8/11/05,3.5
8/12/05,3.5
8/15/05,3.5
8/16/05,3.5
8/17/05,3.5
8/18/05,3.5
8/19/05,3.5
8/22/05,3.5
8/23/05,3.5
8/24/05,3.5
8/25/05,3.5
8/26/05,3.5
8/29/05,3.5
8/30/05,3.5
8/31/05,3.5
9/1/05,3.62
9/2/05,3.62
9/6/05,3.62
9/7/05,3.62
9/8/05,3.62
9/9/05,3.62
9/12/05,3.62
9/13/05,3.62
9/14/05,3.62
9/15/05,3.62
9/16/05,3.62
9/19/05,3.62
9/20/05,3.62
9/21/05,3.62
9/22/05,3.62
9/23/05,3.62
9/26/05,3.62
9/27/05,3.62
9/28/05,3.62
9/29/05,3.62
9/30/05,3.62
10/3/05,3.78
10/4/05,3.78
10/5/05,3.78
10/6/05,3.78
10/7/05,3.78
10/10/05,3.78
10/11/05,3.78
10/12/05,3.78
10/13/05,3.78
10/14/05,3.78
10/17/05,3.78
10/18/05,3.78
10/19/05,3.78
10/20/05,3.78
10/21/05,3.78
10/24/05,3.78
10/25/05,3.78
10/26/05,3.78
10/27/05,3.78
10/28/05,3.78
10/31/05,3.78
11/1/05,4
11/2/05,4
11/3/05,4
11/4/05,4
11/7/05,4
11/8/05,4
11/9/05,4
11/10/05,4
11/11/05,4
11/14/05,4
11/15/05,4
11/16/05,4
11/17/05,4
11/18/05,4
11/21/05,4
11/22/05,4
11/23/05,4
11/25/05,4
11/28/05,4
11/29/05,4
11/30/05,4
12/1/05,4.16
12/2/05,4.16
12/5/05,4.16
12/6/05,4.16
12/7/05,4.16
12/8/05,4.16
12/9/05,4.16
12/12/05,4.16
12/13/05,4.16
12/14/05,4.16
12/15/05,4.16
12/16/05,4.16
12/19/05,4.16
12/20/05,4.16
12/21/05,4.16
12/22/05,4.16
12/23/05,4.16
12/27/05,4.16
12/28/05,4.16
12/29/05,4.16
12/30/05,4.16
1/3/06,4.29
1/4/06,4.29
1/5/06,4.29
1/6/06,4.29
1/9/06,4.29
1/10/06,4.29
1/11/06,4.29
1/12/06,4.29
1/13/06,4.29
1/17/06,4.29
1/18/06,4.29
1/19/06,4.29
1/20/06,4.29
1/23/06,4.29
1/24/06,4.29
1/25/06,4.29
1/26/06,4.29
1/27/06,4.29
1/30/06,4.29
1/31/06,4.29
2/1/06,4.49
2/2/06,4.49
2/3/06,4.49
2/6/06,4.49
2/7/06,4.49
2/8/06,4.49
2/9/06,4.49
2/10/06,4.49
2/13/06,4.49
2/14/06,4.49
2/15/06,4.49
2/16/06,4.49
2/17/06,4.49
2/21/06,4.49
2/22/06,4.49
2/23/06,4.49
2/24/06,4.49
2/27/06,4.49
2/28/06,4.49
3/1/06,4.59
3/2/06,4.59
3/3/06,4.59
3/6/06,4.59
3/7/06,4.59
3/8/06,4.59
3/9/06,4.59
3/10/06,4.59
3/13/06,4.59
3/14/06,4.59
3/15/06,4.59
3/16/06,4.59
3/17/06,4.59
3/20/06,4.59
3/21/06,4.59
3/22/06,4.59
3/23/06,4.59
3/24/06,4.59
3/27/06,4.59
3/28/06,4.59
3/29/06,4.59
3/30/06,4.59
3/31/06,4.59
4/3/06,4.79
4/4/06,4.79
4/5/06,4.79
4/6/06,4.79
4/7/06,4.79
4/10/06,4.79
4/11/06,4.79
4/12/06,4.79
4/13/06,4.79
4/17/06,4.79
4/18/06,4.79
4/19/06,4.79
4/20/06,4.79
4/21/06,4.79
4/24/06,4.79
4/25/06,4.79
4/26/06,4.79
4/27/06,4.79
4/28/06,4.79
5/1/06,4.94
5/2/06,4.94
5/3/06,4.94
5/4/06,4.94
5/5/06,4.94
5/8/06,4.94
5/9/06,4.94
5/10/06,4.94
5/11/06,4.94
5/12/06,4.94
5/15/06,4.94
5/16/06,4.94
5/17/06,4.94
5/18/06,4.94
5/19/06,4.94
5/22/06,4.94
5/23/06,4.94
5/24/06,4.94
5/25/06,4.94
5/26/06,4.94
5/30/06,4.94
5/31/06,4.94
6/1/06,4.99
6/2/06,4.99
6/5/06,4.99
6/6/06,4.99
6/7/06,4.99
6/8/06,4.99
6/9/06,4.99
6/12/06,4.99
6/13/06,4.99
6/14/06,4.99
6/15/06,4.99
6/16/06,4.99
6/19/06,4.99
6/20/06,4.99
6/21/06,4.99
6/22/06,4.99
6/23/06,4.99
6/26/06,4.99
6/27/06,4.99
6/28/06,4.99
6/29/06,4.99
6/30/06,4.99
7/3/06,5.24
7/5/06,5.24
7/6/06,5.24
7/7/06,5.24
7/10/06,5.24
7/11/06,5.24
7/12/06,5.24
7/13/06,5.24
7/14/06,5.24
7/17/06,5.24
7/18/06,5.24
7/19/06,5.24
7/20/06,5.24
7/21/06,5.24
7/24/06,5.24
7/25/06,5.24
7/26/06,5.24
7/27/06,5.24
7/28/06,5.24
7/31/06,5.24
8/1/06,5.25
8/2/06,5.25
8/3/06,5.25
8/4/06,5.25
8/7/06,5.25
8/8/06,5.25
8/9/06,5.25
8/10/06,5.25
8/11/06,5.25
8/14/06,5.25
8/15/06,5.25
8/16/06,5.25
8/17/06,5.25
8/18/06,5.25
8/21/06,5.25
8/22/06,5.25
8/23/06,5.25
8/24/06,5.25
8/25/06,5.25
8/28/06,5.25
8/29/06,5.25
8/30/06,5.25
8/31/06,5.25
9/1/06,5.25
9/5/06,5.25
9/6/06,5.25
9/7/06,5.25
9/8/06,5.25
9/11/06,5.25
9/12/06,5.25
9/13/06,5.25
9/14/06,5.25
9/15/06,5.25
9/18/06,5.25
9/19/06,5.25
9/20/06,5.25
9/21/06,5.25
9/22/06,5.25
9/25/06,5.25
9/26/06,5.25
9/27/06,5.25
9/28/06,5.25
9/29/06,5.25
10/2/06,5.25
10/3/06,5.25
10/4/06,5.25
10/5/06,5.25
10/6/06,5.25
10/9/06,5.25
10/10/06,5.25
10/11/06,5.25
10/12/06,5.25
10/13/06,5.25
10/16/06,5.25
10/17/06,5.25
10/18/06,5.25
10/19/06,5.25
10/20/06,5.25
10/23/06,5.25
10/24/06,5.25
10/25/06,5.25
10/26/06,5.25
10/27/06,5.25
10/30/06,5.25
10/31/06,5.25
11/1/06,5.25
11/2/06,5.25
11/3/06,5.25
11/6/06,5.25
11/7/06,5.25
11/8/06,5.25
11/9/06,5.25
11/10/06,5.25
11/13/06,5.25
11/14/06,5.25
11/15/06,5.25
11/16/06,5.25
11/17/06,5.25
11/20/06,5.25
11/21/06,5.25
11/22/06,5.25
11/24/06,5.25
11/27/06,5.25
11/28/06,5.25
11/29/06,5.25
11/30/06,5.25
12/1/06,5.24
12/4/06,5.24
12/5/06,5.24
12/6/06,5.24
12/7/06,5.24
12/8/06,5.24
12/11/06,5.24
12/12/06,5.24
12/13/06,5.24
12/14/06,5.24
12/15/06,5.24
12/18/06,5.24
12/19/06,5.24
12/20/06,5.24
12/21/06,5.24
12/22/06,5.24
12/26/06,5.24
12/27/06,5.24
12/28/06,5.24
12/29/06,5.24
1/3/07,5.25
1/4/07,5.25
1/5/07,5.25
1/8/07,5.25
1/9/07,5.25
1/10/07,5.25
1/11/07,5.25
1/12/07,5.25
1/16/07,5.25
1/17/07,5.25
1/18/07,5.25
1/19/07,5.25
1/22/07,5.25
1/23/07,5.25
1/24/07,5.25
1/25/07,5.25
1/26/07,5.25
1/29/07,5.25
1/30/07,5.25
1/31/07,5.25
2/1/07,5.26
2/2/07,5.26
2/5/07,5.26
2/6/07,5.26
2/7/07,5.26
2/8/07,5.26
2/9/07,5.26
2/12/07,5.26
2/13/07,5.26
2/14/07,5.26
2/15/07,5.26
2/16/07,5.26
2/20/07,5.26
2/21/07,5.26
2/22/07,5.26
2/23/07,5.26
2/26/07,5.26
2/27/07,5.26
2/28/07,5.26
3/1/07,5.26
3/2/07,5.26
3/5/07,5.26
3/6/07,5.26
3/7/07,5.26
3/8/07,5.26
3/9/07,5.26
3/12/07,5.26
3/13/07,5.26
3/14/07,5.26
3/15/07,5.26
3/16/07,5.26
3/19/07,5.26
3/20/07,5.26
3/21/07,5.26
3/22/07,5.26
3/23/07,5.26
3/26/07,5.26
3/27/07,5.26
3/28/07,5.26
3/29/07,5.26
3/30/07,5.26
4/2/07,5.25
4/3/07,5.25
4/4/07,5.25
4/5/07,5.25
4/9/07,5.25
4/10/07,5.25
4/11/07,5.25
4/12/07,5.25
4/13/07,5.25
4/16/07,5.25
4/17/07,5.25
4/18/07,5.25
4/19/07,5.25
4/20/07,5.25
4/23/07,5.25
4/24/07,5.25
4/25/07,5.25
4/26/07,5.25
4/27/07,5.25
4/30/07,5.25
5/1/07,5.25
5/2/07,5.25
5/3/07,5.25
5/4/07,5.25
5/7/07,5.25
5/8/07,5.25
5/9/07,5.25
5/10/07,5.25
5/11/07,5.25
5/14/07,5.25
5/15/07,5.25
5/16/07,5.25
5/17/07,5.25
5/18/07,5.25
5/21/07,5.25
5/22/07,5.25
5/23/07,5.25
5/24/07,5.25
5/25/07,5.25
5/29/07,5.25
5/30/07,5.25
5/31/07,5.25
6/1/07,5.25
6/4/07,5.25
6/5/07,5.25
6/6/07,5.25
6/7/07,5.25
6/8/07,5.25
6/11/07,5.25
6/12/07,5.25
6/13/07,5.25
6/14/07,5.25
6/15/07,5.25
6/18/07,5.25
6/19/07,5.25
6/20/07,5.25
6/21/07,5.25
6/22/07,5.25
6/25/07,5.25
6/26/07,5.25
6/27/07,5.25
6/28/07,5.25
6/29/07,5.25
7/2/07,5.26
7/3/07,5.26
7/5/07,5.26
7/6/07,5.26
7/9/07,5.26
7/10/07,5.26
7/11/07,5.26
7/12/07,5.26
7/13/07,5.26
7/16/07,5.26
7/17/07,5.26
7/18/07,5.26
7/19/07,5.26
7/20/07,5.26
7/23/07,5.26
7/24/07,5.26
7/25/07,5.26
7/26/07,5.26
7/27/07,5.26
7/30/07,5.26
7/31/07,5.26
8/1/07,5.02
8/2/07,5.02
8/3/07,5.02
8/6/07,5.02
8/7/07,5.02
8/8/07,5.02
8/9/07,5.02
8/10/07,5.02
8/13/07,5.02
8/14/07,5.02
8/15/07,5.02
8/16/07,5.02
8/17/07,5.02
8/20/07,5.02
8/21/07,5.02
8/22/07,5.02
8/23/07,5.02
8/24/07,5.02
8/27/07,5.02
8/28/07,5.02
8/29/07,5.02
8/30/07,5.02
8/31/07,5.02
9/4/07,4.94
9/5/07,4.94
9/6/07,4.94
9/7/07,4.94
9/10/07,4.94
9/11/07,4.94
9/12/07,4.94
9/13/07,4.94
9/14/07,4.94
9/17/07,4.94
9/18/07,4.94
9/19/07,4.94
9/20/07,4.94
9/21/07,4.94
9/24/07,4.94
9/25/07,4.94
9/26/07,4.94
9/27/07,4.94
9/28/07,4.94
10/1/07,4.76
10/2/07,4.76
10/3/07,4.76
10/4/07,4.76
10/5/07,4.76
10/8/07,4.76
10/9/07,4.76
10/10/07,4.76
10/11/07,4.76
10/12/07,4.76
10/15/07,4.76
10/16/07,4.76
10/17/07,4.76
10/18/07,4.76
10/19/07,4.76
10/22/07,4.76
10/23/07,4.76
10/24/07,4.76
10/25/07,4.76
10/26/07,4.76
10/29/07,4.76
10/30/07,4.76
10/31/07,4.76
11/1/07,4.49
11/2/07,4.49
11/5/07,4.49
11/6/07,4.49
11/7/07,4.49
11/8/07,4.49
11/9/07,4.49
11/12/07,4.49
11/13/07,4.49
11/14/07,4.49
11/15/07,4.49
11/16/07,4.49
11/19/07,4.49
11/20/07,4.49
11/21/07,4.49
11/23/07,4.49
11/26/07,4.49
11/27/07,4.49
11/28/07,4.49
11/29/07,4.49
11/30/07,4.49
12/3/07,4.24
12/4/07,4.24
12/5/07,4.24
12/6/07,4.24
12/7/07,4.24
12/10/07,4.24
12/11/07,4.24
12/12/07,4.24
12/13/07,4.24
12/14/07,4.24
12/17/07,4.24
12/18/07,4.24
12/19/07,4.24
12/20/07,4.24
12/21/07,4.24
12/24/07,4.24
12/26/07,4.24
12/27/07,4.24
12/28/07,4.24
12/31/07,4.24
1/2/08,3.94
1/3/08,3.94
1/4/08,3.94
1/7/08,3.94
1/8/08,3.94
1/9/08,3.94
1/10/08,3.94
1/11/08,3.94
1/14/08,3.94
1/15/08,3.94
1/16/08,3.94
1/17/08,3.94
1/18/08,3.94
1/22/08,3.94
1/23/08,3.94
1/24/08,3.94
1/25/08,3.94
1/28/08,3.94
1/29/08,3.94
1/30/08,3.94
1/31/08,3.94
2/1/08,2.98
2/4/08,2.98
2/5/08,2.98
2/6/08,2.98
2/7/08,2.98
2/8/08,2.98
2/11/08,2.98
2/12/08,2.98
2/13/08,2.98
2/14/08,2.98
2/15/08,2.98
2/19/08,2.98
2/20/08,2.98
2/21/08,2.98
2/22/08,2.98
2/25/08,2.98
2/26/08,2.98
2/27/08,2.98
2/28/08,2.98
2/29/08,2.98
3/3/08,2.61
3/4/08,2.61
3/5/08,2.61
3/6/08,2.61
3/7/08,2.61
3/10/08,2.61
3/11/08,2.61
3/12/08,2.61
3/13/08,2.61
3/14/08,2.61
3/17/08,2.61
3/18/08,2.61
3/19/08,2.61
3/20/08,2.61
3/24/08,2.61
3/25/08,2.61
3/26/08,2.61
3/27/08,2.61
3/28/08,2.61
3/31/08,2.61
4/1/08,2.28
4/2/08,2.28
4/3/08,2.28
4/4/08,2.28
4/7/08,2.28
4/8/08,2.28
4/9/08,2.28
4/10/08,2.28
4/11/08,2.28
4/14/08,2.28
4/15/08,2.28
4/16/08,2.28
4/17/08,2.28
4/18/08,2.28
4/21/08,2.28
4/22/08,2.28
4/23/08,2.28
4/24/08,2.28
4/25/08,2.28
4/28/08,2.28
4/29/08,2.28
4/30/08,2.28
5/1/08,1.98
5/2/08,1.98
5/5/08,1.98
5/6/08,1.98
5/7/08,1.98
5/8/08,1.98
5/9/08,1.98
5/12/08,1.98
5/13/08,1.98
5/14/08,1.98
5/15/08,1.98
5/16/08,1.98
5/19/08,1.98
5/20/08,1.98
5/21/08,1.98
5/22/08,1.98
5/23/08,1.98
5/27/08,1.98
5/28/08,1.98
5/29/08,1.98
5/30/08,1.98
6/2/08,2
6/3/08,2
6/4/08,2
6/5/08,2
6/6/08,2
6/9/08,2
6/10/08,2
6/11/08,2
6/12/08,2
6/13/08,2
6/16/08,2
6/17/08,2
6/18/08,2
6/19/08,2
6/20/08,2
6/23/08,2
6/24/08,2
6/25/08,2
6/26/08,2
6/27/08,2
6/30/08,2
7/1/08,2.01
7/2/08,2.01
7/3/08,2.01
7/7/08,2.01
7/8/08,2.01
7/9/08,2.01
7/10/08,2.01
7/11/08,2.01
7/14/08,2.01
7/15/08,2.01
7/16/08,2.01
7/17/08,2.01
7/18/08,2.01
7/21/08,2.01
7/22/08,2.01
7/23/08,2.01
7/24/08,2.01
7/25/08,2.01
7/28/08,2.01
7/29/08,2.01
7/30/08,2.01
7/31/08,2.01
8/1/08,2
8/4/08,2
8/5/08,2
8/6/08,2
8/7/08,2
8/8/08,2
8/11/08,2
8/12/08,2
8/13/08,2
8/14/08,2
8/15/08,2
8/18/08,2
8/19/08,2
8/20/08,2
8/21/08,2
8/22/08,2
8/25/08,2
8/26/08,2
8/27/08,2
8/28/08,2
8/29/08,2
9/2/08,1.81
9/3/08,1.81
9/4/08,1.81
9/5/08,1.81
9/8/08,1.81
9/9/08,1.81
9/10/08,1.81
9/11/08,1.81
9/12/08,1.81
9/15/08,1.81
9/16/08,1.81
9/17/08,1.81
9/18/08,1.81
9/19/08,1.81
9/22/08,1.81
9/23/08,1.81
9/24/08,1.81
9/25/08,1.81
9/26/08,1.81
9/29/08,1.81
9/30/08,1.81
10/1/08,0.97
10/2/08,0.97
10/3/08,0.97
10/6/08,0.97
10/7/08,0.97
10/8/08,0.97
10/9/08,0.97
10/10/08,0.97
10/13/08,0.97
10/14/08,0.97
10/15/08,0.97
10/16/08,0.97
10/17/08,0.97
10/20/08,0.97
10/21/08,0.97
10/22/08,0.97
10/23/08,0.97
10/24/08,0.97
10/27/08,0.97
10/28/08,0.97
10/29/08,0.97
10/30/08,0.97
10/31/08,0.97
11/3/08,0.39
11/4/08,0.39
11/5/08,0.39
11/6/08,0.39
11/7/08,0.39
11/10/08,0.39
11/11/08,0.39
11/12/08,0.39
11/13/08,0.39
11/14/08,0.39
11/17/08,0.39
11/18/08,0.39
11/19/08,0.39
11/20/08,0.39
11/21/08,0.39
11/24/08,0.39
11/25/08,0.39
11/26/08,0.39
11/28/08,0.39
12/1/08,0.16
12/2/08,0.16
12/3/08,0.16
12/4/08,0.16
12/5/08,0.16
12/8/08,0.16
12/9/08,0.16
12/10/08,0.16
12/11/08,0.16
12/12/08,0.16
12/15/08,0.16
12/16/08,0.16
12/17/08,0.16
12/18/08,0.16
12/19/08,0.16
12/22/08,0.16
12/23/08,0.16
12/24/08,0.16
12/26/08,0.16
12/29/08,0.16
12/30/08,0.16
12/31/08,0.16
1/2/09,0.15
1/5/09,0.15
1/6/09,0.15
1/7/09,0.15
1/8/09,0.15
1/9/09,0.15
1/12/09,0.15
1/13/09,0.15
1/14/09,0.15
1/15/09,0.15
1/16/09,0.15
1/20/09,0.15
1/21/09,0.15
1/22/09,0.15
1/23/09,0.15
1/26/09,0.15
1/27/09,0.15
1/28/09,0.15
1/29/09,0.15
1/30/09,0.15
2/2/09,0.22
2/3/09,0.22
2/4/09,0.22
2/5/09,0.22
2/6/09,0.22
2/9/09,0.22
2/10/09,0.22
2/11/09,0.22
2/12/09,0.22
2/13/09,0.22
2/17/09,0.22
2/18/09,0.22
2/19/09,0.22
2/20/09,0.22
2/23/09,0.22
2/24/09,0.22
2/25/09,0.22
2/26/09,0.22
2/27/09,0.22
3/2/09,0.18
3/3/09,0.18
3/4/09,0.18
3/5/09,0.18
3/6/09,0.18
3/9/09,0.18
3/10/09,0.18
3/11/09,0.18
3/12/09,0.18
3/13/09,0.18
3/16/09,0.18
3/17/09,0.18
3/18/09,0.18
3/19/09,0.18
3/20/09,0.18
3/23/09,0.18
3/24/09,0.18
3/25/09,0.18
3/26/09,0.18
3/27/09,0.18
3/30/09,0.18
3/31/09,0.18
4/1/09,0.15
4/2/09,0.15
4/3/09,0.15
4/6/09,0.15
4/7/09,0.15
4/8/09,0.15
4/9/09,0.15
4/13/09,0.15
4/14/09,0.15
4/15/09,0.15
4/16/09,0.15
4/17/09,0.15
4/20/09,0.15
4/21/09,0.15
4/22/09,0.15
4/23/09,0.15
4/24/09,0.15
4/27/09,0.15
4/28/09,0.15
4/29/09,0.15
4/30/09,0.15
5/1/09,0.18
5/4/09,0.18
5/5/09,0.18
5/6/09,0.18
5/7/09,0.18
5/8/09,0.18
5/11/09,0.18
5/12/09,0.18
5/13/09,0.18
5/14/09,0.18
5/15/09,0.18
5/18/09,0.18
5/19/09,0.18
5/20/09,0.18
5/21/09,0.18
5/22/09,0.18
5/26/09,0.18
5/27/09,0.18
5/28/09,0.18
5/29/09,0.18
6/1/09,0.21
6/2/09,0.21
6/3/09,0.21
6/4/09,0.21
6/5/09,0.21
6/8/09,0.21
6/9/09,0.21
6/10/09,0.21
6/11/09,0.21
6/12/09,0.21
6/15/09,0.21
6/16/09,0.21
6/17/09,0.21
6/18/09,0.21
6/19/09,0.21
6/22/09,0.21
6/23/09,0.21
6/24/09,0.21
6/25/09,0.21
6/26/09,0.21
6/29/09,0.21
6/30/09,0.21
7/1/09,0.16
7/2/09,0.16
7/6/09,0.16
7/7/09,0.16
7/8/09,0.16
7/9/09,0.16
7/10/09,0.16
7/13/09,0.16
7/14/09,0.16
7/15/09,0.16
7/16/09,0.16
7/17/09,0.16
7/20/09,0.16
7/21/09,0.16
7/22/09,0.16
7/23/09,0.16
7/24/09,0.16
7/27/09,0.16
7/28/09,0.16
7/29/09,0.16
7/30/09,0.16
7/31/09,0.16
8/3/09,0.16
8/4/09,0.16
8/5/09,0.16
8/6/09,0.16
8/7/09,0.16
8/10/09,0.16
8/11/09,0.16
8/12/09,0.16
8/13/09,0.16
8/14/09,0.16
8/17/09,0.16
8/18/09,0.16
8/19/09,0.16
8/20/09,0.16
8/21/09,0.16
8/24/09,0.16
8/25/09,0.16
8/26/09,0.16
8/27/09,0.16
8/28/09,0.16
8/31/09,0.16
9/1/09,0.15
9/2/09,0.15
9/3/09,0.15
9/4/09,0.15
9/8/09,0.15
9/9/09,0.15
9/10/09,0.15
9/11/09,0.15
9/14/09,0.15
9/15/09,0.15
9/16/09,0.15
9/17/09,0.15
9/18/09,0.15
9/21/09,0.15
9/22/09,0.15
9/23/09,0.15
9/24/09,0.15
9/25/09,0.15
9/28/09,0.15
9/29/09,0.15
9/30/09,0.15
10/1/09,0.12
10/2/09,0.12
10/5/09,0.12
10/6/09,0.12
10/7/09,0.12
10/8/09,0.12
10/9/09,0.12
10/12/09,0.12
10/13/09,0.12
10/14/09,0.12
10/15/09,0.12
10/16/09,0.12
10/19/09,0.12
10/20/09,0.12
10/21/09,0.12
10/22/09,0.12
10/23/09,0.12
10/26/09,0.12
10/27/09,0.12
10/28/09,0.12
10/29/09,0.12
10/30/09,0.12
11/2/09,0.12
11/3/09,0.12
11/4/09,0.12
11/5/09,0.12
11/6/09,0.12
11/9/09,0.12
11/10/09,0.12
11/11/09,0.12
11/12/09,0.12
11/13/09,0.12
11/16/09,0.12
11/17/09,0.12
11/18/09,0.12
11/19/09,0.12
11/20/09,0.12
11/23/09,0.12
11/24/09,0.12
11/25/09,0.12
11/27/09,0.12
11/30/09,0.12
12/1/09,0.12
12/2/09,0.12
12/3/09,0.12
12/4/09,0.12
12/7/09,0.12
12/8/09,0.12
12/9/09,0.12
12/10/09,0.12
12/11/09,0.12
12/14/09,0.12
12/15/09,0.12
12/16/09,0.12
12/17/09,0.12
12/18/09,0.12
12/21/09,0.12
12/22/09,0.12
12/23/09,0.12
12/24/09,0.12
12/28/09,0.12
12/29/09,0.12
12/30/09,0.12
12/31/09,0.12
1/4/10,0.11
1/5/10,0.11
1/6/10,0.11
1/7/10,0.11
1/8/10,0.11
1/11/10,0.11
1/12/10,0.11
1/13/10,0.11
1/14/10,0.11
1/15/10,0.11
1/19/10,0.11
1/20/10,0.11
1/21/10,0.11
1/22/10,0.11
1/25/10,0.11
1/26/10,0.11
1/27/10,0.11
1/28/10,0.11
1/29/10,0.11
2/1/10,0.13
2/2/10,0.13
2/3/10,0.13
2/4/10,0.13
2/5/10,0.13
2/8/10,0.13
2/9/10,0.13
2/10/10,0.13
2/11/10,0.13
2/12/10,0.13
2/16/10,0.13
2/17/10,0.13
2/18/10,0.13
2/19/10,0.13
2/22/10,0.13
2/23/10,0.13
2/24/10,0.13
2/25/10,0.13
2/26/10,0.13
3/1/10,0.16
3/2/10,0.16
3/3/10,0.16
3/4/10,0.16
3/5/10,0.16
3/8/10,0.16
3/9/10,0.16
3/10/10,0.16
3/11/10,0.16
3/12/10,0.16
3/15/10,0.16
3/16/10,0.16
3/17/10,0.16
3/18/10,0.16
3/19/10,0.16
3/22/10,0.16
3/23/10,0.16
3/24/10,0.16
3/25/10,0.16
3/26/10,0.16
3/29/10,0.16
3/30/10,0.16
3/31/10,0.16
4/1/10,0.2
4/5/10,0.2
4/6/10,0.2
4/7/10,0.2
4/8/10,0.2
4/9/10,0.2
4/12/10,0.2
4/13/10,0.2
4/14/10,0.2
4/15/10,0.2
4/16/10,0.2
4/19/10,0.2
4/20/10,0.2
4/21/10,0.2
4/22/10,0.2
4/23/10,0.2
4/26/10,0.2
4/27/10,0.2
4/28/10,0.2
4/29/10,0.2
4/30/10,0.2
5/3/10,0.2
5/4/10,0.2
5/5/10,0.2
5/6/10,0.2
5/7/10,0.2
5/10/10,0.2
5/11/10,0.2
5/12/10,0.2
5/13/10,0.2
5/14/10,0.2
5/17/10,0.2
5/18/10,0.2
5/19/10,0.2
5/20/10,0.2
5/21/10,0.2
5/24/10,0.2
5/25/10,0.2
5/26/10,0.2
5/27/10,0.2
5/28/10,0.2
6/1/10,0.18
6/2/10,0.18
6/3/10,0.18
6/4/10,0.18
6/7/10,0.18
6/8/10,0.18
6/9/10,0.18
6/10/10,0.18
6/11/10,0.18
6/14/10,0.18
6/15/10,0.18
6/16/10,0.18
6/17/10,0.18
6/18/10,0.18
6/21/10,0.18
6/22/10,0.18
6/23/10,0.18
6/24/10,0.18
6/25/10,0.18
6/28/10,0.18
6/29/10,0.18
6/30/10,0.18
7/1/10,0.18
7/2/10,0.18
7/6/10,0.18
7/7/10,0.18
7/8/10,0.18
7/9/10,0.18
7/12/10,0.18
7/13/10,0.18
7/14/10,0.18
7/15/10,0.18
7/16/10,0.18
7/19/10,0.18
7/20/10,0.18
7/21/10,0.18
7/22/10,0.18
7/23/10,0.18
7/26/10,0.18
7/27/10,0.18
7/28/10,0.18
7/29/10,0.18
7/30/10,0.18
8/2/10,0.19
8/3/10,0.19
8/4/10,0.19
8/5/10,0.19
8/6/10,0.19
8/9/10,0.19
8/10/10,0.19
8/11/10,0.19
8/12/10,0.19
8/13/10,0.19
8/16/10,0.19
8/17/10,0.19
8/18/10,0.19
8/19/10,0.19
8/20/10,0.19
8/23/10,0.19
8/24/10,0.19
8/25/10,0.19
8/26/10,0.19
8/27/10,0.19
8/30/10,0.19
8/31/10,0.19
9/1/10,0.19
9/2/10,0.19
9/3/10,0.19
9/7/10,0.19
9/8/10,0.19
9/9/10,0.19
9/10/10,0.19
9/13/10,0.19
9/14/10,0.19
9/15/10,0.19
9/16/10,0.19
9/17/10,0.19
9/20/10,0.19
9/21/10,0.19
9/22/10,0.19
9/23/10,0.19
9/24/10,0.19
9/27/10,0.19
9/28/10,0.19
9/29/10,0.19
9/30/10,0.19
10/1/10,0.19
10/4/10,0.19
10/5/10,0.19
10/6/10,0.19
10/7/10,0.19
10/8/10,0.19
10/11/10,0.19
10/12/10,0.19
10/13/10,0.19
10/14/10,0.19
10/15/10,0.19
10/18/10,0.19
10/19/10,0.19
10/20/10,0.19
10/21/10,0.19
10/22/10,0.19
10/25/10,0.19
10/26/10,0.19
10/27/10,0.19
10/28/10,0.19
10/29/10,0.19
11/1/10,0.19
11/2/10,0.19
11/3/10,0.19
11/4/10,0.19
11/5/10,0.19
11/8/10,0.19
11/9/10,0.19
11/10/10,0.19
11/11/10,0.19
11/12/10,0.19
11/15/10,0.19
11/16/10,0.19
11/17/10,0.19
11/18/10,0.19
11/19/10,0.19
11/22/10,0.19
11/23/10,0.19
11/24/10,0.19
11/26/10,0.19
11/29/10,0.19
11/30/10,0.19
12/1/10,0.18
12/2/10,0.18
12/3/10,0.18
12/6/10,0.18
12/7/10,0.18
12/8/10,0.18
12/9/10,0.18
12/10/10,0.18
12/13/10,0.18
12/14/10,0.18
12/15/10,0.18
12/16/10,0.18
12/17/10,0.18
12/20/10,0.18
12/21/10,0.18
12/22/10,0.18
12/23/10,0.18
12/27/10,0.18
12/28/10,0.18
12/29/10,0.18
12/30/10,0.18
12/31/10,0.18
1/3/11,0.17
1/4/11,0.17
1/5/11,0.17
1/6/11,0.17
1/7/11,0.17
1/10/11,0.17
1/11/11,0.17
1/12/11,0.17
1/13/11,0.17
1/14/11,0.17
1/18/11,0.17
1/19/11,0.17
1/20/11,0.17
1/21/11,0.17
1/24/11,0.17
1/25/11,0.17
1/26/11,0.17
1/27/11,0.17
1/28/11,0.17
1/31/11,0.17
2/1/11,0.16
2/2/11,0.16
2/3/11,0.16
2/4/11,0.16
2/7/11,0.16
2/8/11,0.16
2/9/11,0.16
2/10/11,0.16
2/11/11,0.16
2/14/11,0.16
2/15/11,0.16
2/16/11,0.16
2/17/11,0.16
2/18/11,0.16
2/22/11,0.16
2/23/11,0.16
2/24/11,0.16
2/25/11,0.16
2/28/11,0.16
3/1/11,0.14
3/2/11,0.14
3/3/11,0.14
3/4/11,0.14
3/7/11,0.14
3/8/11,0.14
3/9/11,0.14
3/10/11,0.14
3/11/11,0.14
3/14/11,0.14
3/15/11,0.14
3/16/11,0.14
3/17/11,0.14
3/18/11,0.14
3/21/11,0.14
3/22/11,0.14
3/23/11,0.14
3/24/11,0.14
3/25/11,0.14
3/28/11,0.14
3/29/11,0.14
3/30/11,0.14
3/31/11,0.14
4/1/11,0.1
4/4/11,0.1
4/5/11,0.1
4/6/11,0.1
4/7/11,0.1
4/8/11,0.1
4/11/11,0.1
4/12/11,0.1
4/13/11,0.1
4/14/11,0.1
4/15/11,0.1
4/18/11,0.1
4/19/11,0.1
4/20/11,0.1
4/21/11,0.1
4/25/11,0.1
4/26/11,0.1
4/27/11,0.1
4/28/11,0.1
4/29/11,0.1
5/2/11,0.09
5/3/11,0.09
5/4/11,0.09
5/5/11,0.09
5/6/11,0.09
5/9/11,0.09
5/10/11,0.09
5/11/11,0.09
5/12/11,0.09
5/13/11,0.09
5/16/11,0.09
5/17/11,0.09
5/18/11,0.09
5/19/11,0.09
5/20/11,0.09
5/23/11,0.09
5/24/11,0.09
5/25/11,0.09
5/26/11,0.09
5/27/11,0.09
5/31/11,0.09
6/1/11,0.09
6/2/11,0.09
6/3/11,0.09
6/6/11,0.09
6/7/11,0.09
6/8/11,0.09
6/9/11,0.09
6/10/11,0.09
6/13/11,0.09
6/14/11,0.09
6/15/11,0.09
6/16/11,0.09
6/17/11,0.09
6/20/11,0.09
6/21/11,0.09
6/22/11,0.09
6/23/11,0.09
6/24/11,0.09
6/27/11,0.09
6/28/11,0.09
6/29/11,0.09
6/30/11,0.09
7/1/11,0.07
7/5/11,0.07
7/6/11,0.07
7/7/11,0.07
7/8/11,0.07
7/11/11,0.07
7/12/11,0.07
7/13/11,0.07
7/14/11,0.07
7/15/11,0.07
7/18/11,0.07
7/19/11,0.07
7/20/11,0.07
7/21/11,0.07
7/22/11,0.07
7/25/11,0.07
7/26/11,0.07
7/27/11,0.07
7/28/11,0.07
7/29/11,0.07
8/1/11,0.1
8/2/11,0.1
8/3/11,0.1
8/4/11,0.1
8/5/11,0.1
8/8/11,0.1
8/9/11,0.1
8/10/11,0.1
8/11/11,0.1
8/12/11,0.1
8/15/11,0.1
8/16/11,0.1
8/17/11,0.1
8/18/11,0.1
8/19/11,0.1
8/22/11,0.1
8/23/11,0.1
8/24/11,0.1
8/25/11,0.1
8/26/11,0.1
8/29/11,0.1
8/30/11,0.1
8/31/11,0.1
9/1/11,0.08
9/2/11,0.08
9/6/11,0.08
9/7/11,0.08
9/8/11,0.08
9/9/11,0.08
9/12/11,0.08
9/13/11,0.08
9/14/11,0.08
9/15/11,0.08
9/16/11,0.08
9/19/11,0.08
9/20/11,0.08
9/21/11,0.08
9/22/11,0.08
9/23/11,0.08
9/26/11,0.08
9/27/11,0.08
9/28/11,0.08
9/29/11,0.08
9/30/11,0.08
10/3/11,0.07
10/4/11,0.07
10/5/11,0.07
10/6/11,0.07
10/7/11,0.07
10/10/11,0.07
10/11/11,0.07
10/12/11,0.07
10/13/11,0.07
10/14/11,0.07
10/17/11,0.07
10/18/11,0.07
10/19/11,0.07
10/20/11,0.07
10/21/11,0.07
10/24/11,0.07
10/25/11,0.07
10/26/11,0.07
10/27/11,0.07
10/28/11,0.07
10/31/11,0.07
11/1/11,0.08
11/2/11,0.08
11/3/11,0.08
11/4/11,0.08
11/7/11,0.08
11/8/11,0.08
11/9/11,0.08
11/10/11,0.08
11/11/11,0.08
11/14/11,0.08
11/15/11,0.08
11/16/11,0.08
11/17/11,0.08
11/18/11,0.08
11/21/11,0.08
11/22/11,0.08
11/23/11,0.08
11/25/11,0.08
11/28/11,0.08
11/29/11,0.08
11/30/11,0.08
12/1/11,0.07
12/2/11,0.07
12/5/11,0.07
12/6/11,0.07
12/7/11,0.07
12/8/11,0.07
12/9/11,0.07
12/12/11,0.07
12/13/11,0.07
12/14/11,0.07
12/15/11,0.07
12/16/11,0.07
12/19/11,0.07
12/20/11,0.07
12/21/11,0.07
12/22/11,0.07
12/23/11,0.07
12/27/11,0.07
12/28/11,0.07
12/29/11,0.07
12/30/11,0.07
1/3/12,0.08
1/4/12,0.08
1/5/12,0.08
1/6/12,0.08
1/9/12,0.08
1/10/12,0.08
1/11/12,0.08
1/12/12,0.08
1/13/12,0.08
1/17/12,0.08
1/18/12,0.08
1/19/12,0.08
1/20/12,0.08
1/23/12,0.08
1/24/12,0.08
1/25/12,0.08
1/26/12,0.08
1/27/12,0.08
1/30/12,0.08
1/31/12,0.08
2/1/12,0.1
2/2/12,0.1
2/3/12,0.1
2/6/12,0.1
2/7/12,0.1
2/8/12,0.1
2/9/12,0.1
2/10/12,0.1
2/13/12,0.1
2/14/12,0.1
2/15/12,0.1
2/16/12,0.1
2/17/12,0.1
2/21/12,0.1
2/22/12,0.1
2/23/12,0.1
2/24/12,0.1
2/27/12,0.1
2/28/12,0.1
2/29/12,0.1
3/1/12,0.13
3/2/12,0.13
3/5/12,0.13
3/6/12,0.13
3/7/12,0.13
3/8/12,0.13
3/9/12,0.13
3/12/12,0.13
3/13/12,0.13
3/14/12,0.13
3/15/12,0.13
3/16/12,0.13
3/19/12,0.13
3/20/12,0.13
3/21/12,0.13
3/22/12,0.13
3/23/12,0.13
3/26/12,0.13
3/27/12,0.13
3/28/12,0.13
3/29/12,0.13
3/30/12,0.13
4/2/12,0.14
4/3/12,0.14
4/4/12,0.14
4/5/12,0.14
4/9/12,0.14
4/10/12,0.14
4/11/12,0.14
4/12/12,0.14
4/13/12,0.14
4/16/12,0.14
4/17/12,0.14
4/18/12,0.14
4/19/12,0.14
4/20/12,0.14
4/23/12,0.14
4/24/12,0.14
4/25/12,0.14
4/26/12,0.14
4/27/12,0.14
4/30/12,0.14
5/1/12,0.16
5/2/12,0.16
5/3/12,0.16
5/4/12,0.16
5/7/12,0.16
5/8/12,0.16
5/9/12,0.16
5/10/12,0.16
5/11/12,0.16
5/14/12,0.16
5/15/12,0.16
5/16/12,0.16
5/17/12,0.16
5/18/12,0.16
5/21/12,0.16
5/22/12,0.16
5/23/12,0.16
5/24/12,0.16
5/25/12,0.16
5/29/12,0.16
5/30/12,0.16
5/31/12,0.16
6/1/12,0.16
6/4/12,0.16
6/5/12,0.16
6/6/12,0.16
6/7/12,0.16
6/8/12,0.16
6/11/12,0.16
6/12/12,0.16
6/13/12,0.16
6/14/12,0.16
6/15/12,0.16
6/18/12,0.16
6/19/12,0.16
6/20/12,0.16
6/21/12,0.16
6/22/12,0.16
6/25/12,0.16
6/26/12,0.16
6/27/12,0.16
6/28/12,0.16
6/29/12,0.16
7/2/12,0.16
7/3/12,0.16
7/5/12,0.16
7/6/12,0.16
7/9/12,0.16
7/10/12,0.16
7/11/12,0.16
7/12/12,0.16
7/13/12,0.16
7/16/12,0.16
7/17/12,0.16
7/18/12,0.16
7/19/12,0.16
7/20/12,0.16
7/23/12,0.16
7/24/12,0.16
7/25/12,0.16
7/26/12,0.16
7/27/12,0.16
7/30/12,0.16
7/31/12,0.16
8/1/12,0.13
8/2/12,0.13
8/3/12,0.13
8/6/12,0.13
8/7/12,0.13
8/8/12,0.13
8/9/12,0.13
8/10/12,0.13
8/13/12,0.13
8/14/12,0.13
8/15/12,0.13
8/16/12,0.13
8/17/12,0.13
8/20/12,0.13
8/21/12,0.13
8/22/12,0.13
8/23/12,0.13
8/24/12,0.13
8/27/12,0.13
8/28/12,0.13
8/29/12,0.13
8/30/12,0.13
8/31/12,0.13
9/4/12,0.14
9/5/12,0.14
9/6/12,0.14
9/7/12,0.14
9/10/12,0.14
9/11/12,0.14
9/12/12,0.14
9/13/12,0.14
9/14/12,0.14
9/17/12,0.14
9/18/12,0.14
9/19/12,0.14
9/20/12,0.14
9/21/12,0.14
9/24/12,0.14
9/25/12,0.14
9/26/12,0.14
9/27/12,0.14
9/28/12,0.14
10/1/12,0.16
10/2/12,0.16
10/3/12,0.16
10/4/12,0.16
10/5/12,0.16
10/8/12,0.16
10/9/12,0.16
10/10/12,0.16
10/11/12,0.16
10/12/12,0.16
10/15/12,0.16
10/16/12,0.16
10/17/12,0.16
10/18/12,0.16
10/19/12,0.16
10/22/12,0.16
10/23/12,0.16
10/24/12,0.16
10/25/12,0.16
10/26/12,0.16
10/31/12,0.16
11/1/12,0.16
11/2/12,0.16
11/5/12,0.16
11/6/12,0.16
11/7/12,0.16
11/8/12,0.16
11/9/12,0.16
11/12/12,0.16
11/13/12,0.16
11/14/12,0.16
11/15/12,0.16
11/16/12,0.16
11/19/12,0.16
11/20/12,0.16
11/21/12,0.16
11/23/12,0.16
11/26/12,0.16
11/27/12,0.16
11/28/12,0.16
11/29/12,0.16
11/30/12,0.16
12/3/12,0.16
12/4/12,0.16
12/5/12,0.16
12/6/12,0.16
12/7/12,0.16
12/10/12,0.16
12/11/12,0.16
12/12/12,0.16
12/13/12,0.16
12/14/12,0.16
12/17/12,0.16
12/18/12,0.16
12/19/12,0.16
12/20/12,0.16
12/21/12,0.16
12/24/12,0.16
12/26/12,0.16
12/27/12,0.16
12/28/12,0.16
12/31/12,0.16
1/2/13,0.14
1/3/13,0.14
1/4/13,0.14
1/7/13,0.14
1/8/13,0.14
1/9/13,0.14
1/10/13,0.14
1/11/13,0.14
1/14/13,0.14
1/15/13,0.14
1/16/13,0.14
1/17/13,0.14
1/18/13,0.14
1/22/13,0.14
1/23/13,0.14
1/24/13,0.14
1/25/13,0.14
1/28/13,0.14
1/29/13,0.14
1/30/13,0.14
1/31/13,0.14
2/1/13,0.15
2/4/13,0.15
2/5/13,0.15
2/6/13,0.15
2/7/13,0.15
2/8/13,0.15
2/11/13,0.15
2/12/13,0.15
2/13/13,0.15
2/14/13,0.15
2/15/13,0.15
2/19/13,0.15
2/20/13,0.15
2/21/13,0.15
2/22/13,0.15
2/25/13,0.15
2/26/13,0.15
2/27/13,0.15
2/28/13,0.15
3/1/13,0.14
3/4/13,0.14
3/5/13,0.14
3/6/13,0.14
3/7/13,0.14
3/8/13,0.14
3/11/13,0.14
3/12/13,0.14
3/13/13,0.14
3/14/13,0.14
3/15/13,0.14
3/18/13,0.14
3/19/13,0.14
3/20/13,0.14
3/21/13,0.14
3/22/13,0.14
3/25/13,0.14
3/26/13,0.14
3/27/13,0.14
3/28/13,0.14
4/1/13,0.15
4/2/13,0.15
4/3/13,0.15
4/4/13,0.15
4/5/13,0.15
4/8/13,0.15
4/9/13,0.15
4/10/13,0.15
4/11/13,0.15
4/12/13,0.15
4/15/13,0.15
4/16/13,0.15
4/17/13,0.15
4/18/13,0.15
4/19/13,0.15
4/22/13,0.15
4/23/13,0.15
4/24/13,0.15
4/25/13,0.15
4/26/13,0.15
4/29/13,0.15
4/30/13,0.15
5/1/13,0.11
5/2/13,0.11
5/3/13,0.11
5/6/13,0.11
5/7/13,0.11
5/8/13,0.11
5/9/13,0.11
5/10/13,0.11
5/13/13,0.11
5/14/13,0.11
5/15/13,0.11
5/16/13,0.11
5/17/13,0.11
5/20/13,0.11
5/21/13,0.11
5/22/13,0.11
5/23/13,0.11
5/24/13,0.11
5/28/13,0.11
5/29/13,0.11
5/30/13,0.11
5/31/13,0.11
6/3/13,0.09
6/4/13,0.09
6/5/13,0.09
6/6/13,0.09
6/7/13,0.09
6/10/13,0.09
6/11/13,0.09
6/12/13,0.09
6/13/13,0.09
6/14/13,0.09
6/17/13,0.09
6/18/13,0.09
6/19/13,0.09
6/20/13,0.09
6/21/13,0.09
6/24/13,0.09
6/25/13,0.09
6/26/13,0.09
6/27/13,0.09
6/28/13,0.09
7/1/13,0.09
7/2/13,0.09
7/3/13,0.09
7/5/13,0.09
7/8/13,0.09
7/9/13,0.09
7/10/13,0.09
7/11/13,0.09
7/12/13,0.09
7/15/13,0.09
7/16/13,0.09
7/17/13,0.09
7/18/13,0.09
7/19/13,0.09
7/22/13,0.09
7/23/13,0.09
7/24/13,0.09
7/25/13,0.09
7/26/13,0.09
7/29/13,0.09
7/30/13,0.09
7/31/13,0.09
8/1/13,0.08
8/2/13,0.08
8/5/13,0.08
8/6/13,0.08
8/7/13,0.08
8/8/13,0.08
8/9/13,0.08
8/12/13,0.08
8/13/13,0.08
8/14/13,0.08
8/15/13,0.08
8/16/13,0.08
8/19/13,0.08
8/20/13,0.08
8/21/13,0.08
8/22/13,0.08
8/23/13,0.08
8/26/13,0.08
8/27/13,0.08
8/28/13,0.08
8/29/13,0.08
8/30/13,0.08
9/3/13,0.08
9/4/13,0.08
9/5/13,0.08
9/6/13,0.08
9/9/13,0.08
9/10/13,0.08
9/11/13,0.08
9/12/13,0.08
9/13/13,0.08
9/16/13,0.08
9/17/13,0.08
9/18/13,0.08
9/19/13,0.08
9/20/13,0.08
9/23/13,0.08
9/24/13,0.08
9/25/13,0.08
9/26/13,0.08
9/27/13,0.08
9/30/13,0.08
10/1/13,0.09
10/2/13,0.09
10/3/13,0.09
10/4/13,0.09
10/7/13,0.09
10/8/13,0.09
10/9/13,0.09
10/10/13,0.09
10/11/13,0.09
10/14/13,0.09
10/15/13,0.09
10/16/13,0.09
10/17/13,0.09
10/18/13,0.09
10/21/13,0.09
10/22/13,0.09
10/23/13,0.09
10/24/13,0.09
10/25/13,0.09
10/28/13,0.09
10/29/13,0.09
10/30/13,0.09
10/31/13,0.09
11/1/13,0.08
11/4/13,0.08
11/5/13,0.08
11/6/13,0.08
11/7/13,0.08
11/8/13,0.08
11/11/13,0.08
11/12/13,0.08
11/13/13,0.08
11/14/13,0.08
11/15/13,0.08
11/18/13,0.08
11/19/13,0.08
11/20/13,0.08
11/21/13,0.08
11/22/13,0.08
11/25/13,0.08
11/26/13,0.08
11/27/13,0.08
11/29/13,0.08
12/2/13,0.09
12/3/13,0.09
12/4/13,0.09
12/5/13,0.09
12/6/13,0.09
12/9/13,0.09
12/10/13,0.09
12/11/13,0.09
12/12/13,0.09
12/13/13,0.09
12/16/13,0.09
12/17/13,0.09
12/18/13,0.09
12/19/13,0.09
12/20/13,0.09
12/23/13,0.09
12/24/13,0.09
12/26/13,0.09
12/27/13,0.09
12/30/13,0.09
12/31/13,0.09
1/2/14,0.07
1/3/14,0.07
1/6/14,0.07
1/7/14,0.07
1/8/14,0.07
1/9/14,0.07
1/10/14,0.07
1/13/14,0.07
1/14/14,0.07
1/15/14,0.07
1/16/14,0.07
1/17/14,0.07
1/21/14,0.07
1/22/14,0.07
1/23/14,0.07
1/24/14,0.07
1/27/14,0.07
1/28/14,0.07
1/29/14,0.07
1/30/14,0.07
1/31/14,0.07
2/3/14,0.07
2/4/14,0.07
2/5/14,0.07
2/6/14,0.07
2/7/14,0.07
2/10/14,0.07
2/11/14,0.07
2/12/14,0.07
2/13/14,0.07
2/14/14,0.07
2/18/14,0.07
2/19/14,0.07
2/20/14,0.07
2/21/14,0.07
2/24/14,0.07
2/25/14,0.07
2/26/14,0.07
2/27/14,0.07
2/28/14,0.07
3/3/14,0.08
3/4/14,0.08
3/5/14,0.08
3/6/14,0.08
3/7/14,0.08
3/10/14,0.08
3/11/14,0.08
3/12/14,0.08
3/13/14,0.08
3/14/14,0.08
3/17/14,0.08
3/18/14,0.08
3/19/14,0.08
3/20/14,0.08
3/21/14,0.08
3/24/14,0.08
3/25/14,0.08
3/26/14,0.08
3/27/14,0.08
3/28/14,0.08
3/31/14,0.08
4/1/14,0.09
4/2/14,0.09
4/3/14,0.09
4/4/14,0.09
4/7/14,0.09
4/8/14,0.09
4/9/14,0.09
4/10/14,0.09
4/11/14,0.09
4/14/14,0.09
4/15/14,0.09
4/16/14,0.09
4/17/14,0.09
4/21/14,0.09
4/22/14,0.09
4/23/14,0.09
4/24/14,0.09
4/25/14,0.09
4/28/14,0.09
4/29/14,0.09
4/30/14,0.09
5/1/14,0.09
5/2/14,0.09
5/5/14,0.09
5/6/14,0.09
5/7/14,0.09
5/8/14,0.09
5/9/14,0.09
5/12/14,0.09
5/13/14,0.09
5/14/14,0.09
5/15/14,0.09
5/16/14,0.09
5/19/14,0.09
5/20/14,0.09
5/21/14,0.09
5/22/14,0.09
5/23/14,0.09
5/27/14,0.09
5/28/14,0.09
5/29/14,0.09
5/30/14,0.09
6/2/14,0.1
6/3/14,0.1
6/4/14,0.1
6/5/14,0.1
6/6/14,0.1
6/9/14,0.1
6/10/14,0.1
6/11/14,0.1
6/12/14,0.1
6/13/14,0.1
6/16/14,0.1
6/17/14,0.1
6/18/14,0.1
6/19/14,0.1
6/20/14,0.1
6/23/14,0.1
6/24/14,0.1
6/25/14,0.1
6/26/14,0.1
6/27/14,0.1
6/30/14,0.1
7/1/14,0.09
7/2/14,0.09
7/3/14,0.09
7/7/14,0.09
7/8/14,0.09
7/9/14,0.09
7/10/14,0.09
7/11/14,0.09
7/14/14,0.09
7/15/14,0.09
7/16/14,0.09
7/17/14,0.09
7/18/14,0.09
7/21/14,0.09
7/22/14,0.09
7/23/14,0.09
7/24/14,0.09
7/25/14,0.09
7/28/14,0.09
7/29/14,0.09
7/30/14,0.09
7/31/14,0.09
8/1/14,0.09
8/4/14,0.09
8/5/14,0.09
8/6/14,0.09
8/7/14,0.09
8/8/14,0.09
8/11/14,0.09
8/12/14,0.09
8/13/14,0.09
8/14/14,0.09
8/15/14,0.09
8/18/14,0.09
8/19/14,0.09
8/20/14,0.09
8/21/14,0.09
8/22/14,0.09
8/25/14,0.09
8/26/14,0.09
8/27/14,0.09
8/28/14,0.09
8/29/14,0.09
9/2/14,0.09
9/3/14,0.09
9/4/14,0.09
9/5/14,0.09
9/8/14,0.09
9/9/14,0.09
9/10/14,0.09
9/11/14,0.09
9/12/14,0.09
9/15/14,0.09
9/16/14,0.09
9/17/14,0.09
9/18/14,0.09
9/19/14,0.09
9/22/14,0.09
9/23/14,0.09
9/24/14,0.09
9/25/14,0.09
9/26/14,0.09
9/29/14,0.09
9/30/14,0.09
10/1/14,0.09
10/2/14,0.09
10/3/14,0.09
10/6/14,0.09
10/7/14,0.09
10/8/14,0.09
10/9/14,0.09
10/10/14,0.09
10/13/14,0.09
10/14/14,0.09
10/15/14,0.09
10/16/14,0.09
10/17/14,0.09
10/20/14,0.09
10/21/14,0.09
10/22/14,0.09
10/23/14,0.09
10/24/14,0.09
10/27/14,0.09
10/28/14,0.09
10/29/14,0.09
10/30/14,0.09
10/31/14,0.09
11/3/14,0.09
11/4/14,0.09
11/5/14,0.09
11/6/14,0.09
11/7/14,0.09
11/10/14,0.09
11/11/14,0.09
11/12/14,0.09
11/13/14,0.09
11/14/14,0.09
11/17/14,0.09
11/18/14,0.09
11/19/14,0.09
11/20/14,0.09
11/21/14,0.09
11/24/14,0.09
11/25/14,0.09
11/26/14,0.09
11/28/14,0.09
12/1/14,0.12
12/2/14,0.12
12/3/14,0.12
12/4/14,0.12
12/5/14,0.12
12/8/14,0.12
12/9/14,0.12
12/10/14,0.12
12/11/14,0.12
12/12/14,0.12
12/15/14,0.12
12/16/14,0.12
12/17/14,0.12
12/18/14,0.12
12/19/14,0.12
12/22/14,0.12
12/23/14,0.12
12/24/14,0.12
12/26/14,0.12
12/29/14,0.12
12/30/14,0.12
12/31/14,0.12
1/2/15,0.11
1/5/15,0.11
1/6/15,0.11
1/7/15,0.11
1/8/15,0.11
1/9/15,0.11
1/12/15,0.11
1/13/15,0.11
1/14/15,0.11
1/15/15,0.11
1/16/15,0.11
1/20/15,0.11
1/21/15,0.11
1/22/15,0.11
1/23/15,0.11
1/26/15,0.11
1/27/15,0.11
1/28/15,0.11
1/29/15,0.11
1/30/15,0.11
2/2/15,0.11
2/3/15,0.11
2/4/15,0.11
2/5/15,0.11
2/6/15,0.11
2/9/15,0.11
2/10/15,0.11
2/11/15,0.11
2/12/15,0.11
2/13/15,0.11
2/17/15,0.11
2/18/15,0.11
2/19/15,0.11
2/20/15,0.11
2/23/15,0.11
2/24/15,0.11
2/25/15,0.11
2/26/15,0.11
2/27/15,0.11
3/2/15,0.11
3/3/15,0.11
3/4/15,0.11
3/5/15,0.11
3/6/15,0.11
3/9/15,0.11
3/10/15,0.11
3/11/15,0.11
3/12/15,0.11
3/13/15,0.11
3/16/15,0.11
3/17/15,0.11
3/18/15,0.11
3/19/15,0.11
3/20/15,0.11
3/23/15,0.11
3/24/15,0.11
3/25/15,0.11
3/26/15,0.11
3/27/15,0.11
3/30/15,0.11
3/31/15,0.11
4/1/15,0.12
4/2/15,0.12
4/6/15,0.12
4/7/15,0.12
4/8/15,0.12
4/9/15,0.12
4/10/15,0.12
4/13/15,0.12
4/14/15,0.12
4/15/15,0.12
4/16/15,0.12
4/17/15,0.12
4/20/15,0.12
4/21/15,0.12
4/22/15,0.12
4/23/15,0.12
4/24/15,0.12
4/27/15,0.12
4/28/15,0.12
4/29/15,0.12
4/30/15,0.12
5/1/15,0.12
5/4/15,0.12
5/5/15,0.12
5/6/15,0.12
5/7/15,0.12
5/8/15,0.12
5/11/15,0.12
5/12/15,0.12
5/13/15,0.12
5/14/15,0.12
5/15/15,0.12
5/18/15,0.12
5/19/15,0.12
5/20/15,0.12
5/21/15,0.12
5/22/15,0.12
5/26/15,0.12
5/27/15,0.12
5/28/15,0.12
5/29/15,0.12
6/1/15,0.13
6/2/15,0.13
6/3/15,0.13
6/4/15,0.13
6/5/15,0.13
6/8/15,0.13
6/9/15,0.13
6/10/15,0.13
6/11/15,0.13
6/12/15,0.13
6/15/15,0.13
6/16/15,0.13
6/17/15,0.13
6/18/15,0.13
6/19/15,0.13
6/22/15,0.13
6/23/15,0.13
6/24/15,0.13
6/25/15,0.13
6/26/15,0.13
6/29/15,0.13
6/30/15,0.13
7/1/15,0.13
7/2/15,0.13
7/6/15,0.13
7/7/15,0.13
7/8/15,0.13
7/9/15,0.13
7/10/15,0.13
7/13/15,0.13
7/14/15,0.13
7/15/15,0.13
7/16/15,0.13
7/17/15,0.13
7/20/15,0.13
7/21/15,0.13
7/22/15,0.13
7/23/15,0.13
7/24/15,0.13
7/27/15,0.13
7/28/15,0.13
7/29/15,0.13
7/30/15,0.13
7/31/15,0.13
8/3/15,0.14
8/4/15,0.14
8/5/15,0.14
8/6/15,0.14
8/7/15,0.14
8/10/15,0.14
8/11/15,0.14
8/12/15,0.14
8/13/15,0.14
8/14/15,0.14
8/17/15,0.14
8/18/15,0.14
8/19/15,0.14
8/20/15,0.14
8/21/15,0.14
8/24/15,0.14
8/25/15,0.14
8/26/15,0.14
8/27/15,0.14
8/28/15,0.14
8/31/15,0.14
9/1/15,0.14
9/2/15,0.14
9/3/15,0.14
9/4/15,0.14
9/8/15,0.14
9/9/15,0.14
9/10/15,0.14
9/11/15,0.14
9/14/15,0.14
9/15/15,0.14
9/16/15,0.14
9/17/15,0.14
9/18/15,0.14
9/21/15,0.14
9/22/15,0.14
9/23/15,0.14
9/24/15,0.14
9/25/15,0.14
9/28/15,0.14
9/29/15,0.14
9/30/15,0.14
10/1/15,0.12
10/2/15,0.12
10/5/15,0.12
10/6/15,0.12
10/7/15,0.12
10/8/15,0.12
10/9/15,0.12
10/12/15,0.12
10/13/15,0.12
10/14/15,0.12
10/15/15,0.12
10/16/15,0.12
10/19/15,0.12
10/20/15,0.12
10/21/15,0.12
10/22/15,0.12
10/23/15,0.12
10/26/15,0.12
10/27/15,0.12
10/28/15,0.12
10/29/15,0.12
10/30/15,0.12
11/2/15,0.12
11/3/15,0.12
11/4/15,0.12
11/5/15,0.12
11/6/15,0.12
11/9/15,0.12
11/10/15,0.12
11/11/15,0.12
11/12/15,0.12
11/13/15,0.12
11/16/15,0.12
11/17/15,0.12
11/18/15,0.12
11/19/15,0.12
11/20/15,0.12
11/23/15,0.12
11/24/15,0.12
11/25/15,0.12
11/27/15,0.12
11/30/15,0.12
12/1/15,0.24
12/2/15,0.24
12/3/15,0.24
12/4/15,0.24
12/7/15,0.24
12/8/15,0.24
12/9/15,0.24
12/10/15,0.24
12/11/15,0.24
12/14/15,0.24
12/15/15,0.24
12/16/15,0.24
12/17/15,0.24
12/18/15,0.24
12/21/15,0.24
12/22/15,0.24
12/23/15,0.24
12/24/15,0.24
12/28/15,0.24
12/29/15,0.24
12/30/15,0.24
12/31/15,0.24
1/4/16,0.34
1/5/16,0.34
1/6/16,0.34
1/7/16,0.34
1/8/16,0.34
1/11/16,0.34
1/12/16,0.34
1/13/16,0.34
1/14/16,0.34
1/15/16,0.34
1/19/16,0.34
1/20/16,0.34
1/21/16,0.34
1/22/16,0.34
1/25/16,0.34
1/26/16,0.34
1/27/16,0.34
1/28/16,0.34
1/29/16,0.34
2/1/16,0.38
2/2/16,0.38
2/3/16,0.38
2/4/16,0.38
2/5/16,0.38
2/8/16,0.38
2/9/16,0.38
2/10/16,0.38
2/11/16,0.38
2/12/16,0.38
2/16/16,0.38
2/17/16,0.38
2/18/16,0.38
2/19/16,0.38
2/22/16,0.38
2/23/16,0.38
2/24/16,0.38
2/25/16,0.38
2/26/16,0.38
2/29/16,0.38
3/1/16,0.36
3/2/16,0.36
3/3/16,0.36
3/4/16,0.36
3/7/16,0.36
3/8/16,0.36
3/9/16,0.36
3/10/16,0.36
3/11/16,0.36
3/14/16,0.36
3/15/16,0.36
3/16/16,0.36
3/17/16,0.36
3/18/16,0.36
3/21/16,0.36
3/22/16,0.36
3/23/16,0.36
3/24/16,0.36
3/28/16,0.36
3/29/16,0.36
3/30/16,0.36
3/31/16,0.36
4/1/16,0.37
4/4/16,0.37
4/5/16,0.37
4/6/16,0.37
4/7/16,0.37
4/8/16,0.37
4/11/16,0.37
4/12/16,0.37
4/13/16,0.37
4/14/16,0.37
4/15/16,0.37
4/18/16,0.37
4/19/16,0.37
4/20/16,0.37
4/21/16,0.37
4/22/16,0.37
4/25/16,0.37
4/26/16,0.37
4/27/16,0.37
4/28/16,0.37
4/29/16,0.37
5/2/16,0.37
5/3/16,0.37
5/4/16,0.37
5/5/16,0.37
5/6/16,0.37
5/9/16,0.37
5/10/16,0.37
5/11/16,0.37
5/12/16,0.37
5/13/16,0.37
5/16/16,0.37
5/17/16,0.37
5/18/16,0.37
5/19/16,0.37
5/20/16,0.37
5/23/16,0.37
5/24/16,0.37
5/25/16,0.37
5/26/16,0.37
5/27/16,0.37
5/31/16,0.37
6/1/16,0.38
6/2/16,0.38
6/3/16,0.38
6/6/16,0.38
6/7/16,0.38
6/8/16,0.38
6/9/16,0.38
6/10/16,0.38
6/13/16,0.38
6/14/16,0.38
6/15/16,0.38
6/16/16,0.38
6/17/16,0.38
6/20/16,0.38
6/21/16,0.38
6/22/16,0.38
6/23/16,0.38
6/24/16,0.38
6/27/16,0.38
6/28/16,0.38
6/29/16,0.38
6/30/16,0.38
7/1/16,0.39
7/5/16,0.39
7/6/16,0.39
7/7/16,0.39
7/8/16,0.39
7/11/16,0.39
7/12/16,0.39
7/13/16,0.39
7/14/16,0.39
7/15/16,0.39
7/18/16,0.39
7/19/16,0.39
7/20/16,0.39
7/21/16,0.39
7/22/16,0.39
7/25/16,0.39
7/26/16,0.39
7/27/16,0.39
7/28/16,0.39
7/29/16,0.39
8/1/16,0.4
8/2/16,0.4
8/3/16,0.4
8/4/16,0.4
8/5/16,0.4
8/8/16,0.4
8/9/16,0.4
8/10/16,0.4
8/11/16,0.4
8/12/16,0.4
8/15/16,0.4
8/16/16,0.4
8/17/16,0.4
8/18/16,0.4
8/19/16,0.4
8/22/16,0.4
8/23/16,0.4
8/24/16,0.4
8/25/16,0.4
8/26/16,0.4
8/29/16,0.4
8/30/16,0.4
8/31/16,0.4
9/1/16,0.4
9/2/16,0.4
9/6/16,0.4
9/7/16,0.4
9/8/16,0.4
9/9/16,0.4
9/12/16,0.4
9/13/16,0.4
9/14/16,0.4
9/15/16,0.4
9/16/16,0.4
9/19/16,0.4
9/20/16,0.4
9/21/16,0.4
9/22/16,0.4
9/23/16,0.4
9/26/16,0.4
9/27/16,0.4
9/28/16,0.4
9/29/16,0.4
9/30/16,0.4
10/3/16,0.4
10/4/16,0.4
10/5/16,0.4
10/6/16,0.4
10/7/16,0.4
10/10/16,0.4
10/11/16,0.4
10/12/16,0.4
10/13/16,0.4
10/14/16,0.4
10/17/16,0.4
10/18/16,0.4
10/19/16,0.4
10/20/16,0.4
10/21/16,0.4
10/24/16,0.4
10/25/16,0.4
10/26/16,0.4
10/27/16,0.4
10/28/16,0.4
10/31/16,0.4
11/1/16,0.41
11/2/16,0.41
11/3/16,0.41
11/4/16,0.41
11/7/16,0.41
11/8/16,0.41
11/9/16,0.41
11/10/16,0.41
11/11/16,0.41
11/14/16,0.41
11/15/16,0.41
11/16/16,0.41
11/17/16,0.41
11/18/16,0.41
11/21/16,0.41
11/22/16,0.41
11/23/16,0.41
11/25/16,0.41
11/28/16,0.41
11/29/16,0.41
11/30/16,0.41
12/1/16,0.54
12/2/16,0.54
12/5/16,0.54
12/6/16,0.54
12/7/16,0.54
12/8/16,0.54
12/9/16,0.54
12/12/16,0.54
12/13/16,0.54
12/14/16,0.54
12/15/16,0.54
12/16/16,0.54
12/19/16,0.54
12/20/16,0.54
12/21/16,0.54
12/22/16,0.54
12/23/16,0.54
12/27/16,0.54
12/28/16,0.54
12/29/16,0.54
12/30/16,0.54
1/3/17,0.65
1/4/17,0.65
1/5/17,0.65
1/6/17,0.65
1/9/17,0.65
1/10/17,0.65
1/11/17,0.65
1/12/17,0.65
1/13/17,0.65
1/17/17,0.65
1/18/17,0.65
1/19/17,0.65
1/20/17,0.65
1/23/17,0.65
1/24/17,0.65
1/25/17,0.65
1/26/17,0.65
1/27/17,0.65
1/30/17,0.65
1/31/17,0.65
2/1/17,0.66
2/2/17,0.66
2/3/17,0.66
2/6/17,0.66
2/7/17,0.66
2/8/17,0.66
2/9/17,0.66
2/10/17,0.66
2/13/17,0.66
2/14/17,0.66
2/15/17,0.66
2/16/17,0.66
2/17/17,0.66
2/21/17,0.66
2/22/17,0.66
2/23/17,0.66
2/24/17,0.66
2/27/17,0.66
2/28/17,0.66
3/1/17,0.79
3/2/17,0.79
3/3/17,0.79
3/6/17,0.79
3/7/17,0.79
3/8/17,0.79
3/9/17,0.79
3/10/17,0.79
3/13/17,0.79
3/14/17,0.79
3/15/17,0.79
3/16/17,0.79
3/17/17,0.79
3/20/17,0.79
3/21/17,0.79
3/22/17,0.79
3/23/17,0.79
3/24/17,0.79
3/27/17,0.79
3/28/17,0.79
3/29/17,0.79
3/30/17,0.79
3/31/17,0.79
4/3/17,0.9
4/4/17,0.9
4/5/17,0.9
4/6/17,0.9
4/7/17,0.9
4/10/17,0.9
4/11/17,0.9
4/12/17,0.9
4/13/17,0.9
4/17/17,0.9
4/18/17,0.9
4/19/17,0.9
4/20/17,0.9
4/21/17,0.9
4/24/17,0.9
4/25/17,0.9
4/26/17,0.9
4/27/17,0.9
4/28/17,0.9
5/1/17,0.91
5/2/17,0.91
5/3/17,0.91
5/4/17,0.91
5/5/17,0.91
5/8/17,0.91
5/9/17,0.91
5/10/17,0.91
5/11/17,0.91
5/12/17,0.91
5/15/17,0.91
5/16/17,0.91
5/17/17,0.91
5/18/17,0.91
5/19/17,0.91
5/22/17,0.91
5/23/17,0.91
5/24/17,0.91
5/25/17,0.91
5/26/17,0.91
5/30/17,0.91
5/31/17,0.91
6/1/17,1.04
6/2/17,1.04
6/5/17,1.04
6/6/17,1.04
6/7/17,1.04
6/8/17,1.04
6/9/17,1.04
6/12/17,1.04
6/13/17,1.04
6/14/17,1.04
6/15/17,1.04
6/16/17,1.04
6/19/17,1.04
6/20/17,1.04
6/21/17,1.04
6/22/17,1.04
6/23/17,1.04
6/26/17,1.04
6/27/17,1.04
6/28/17,1.04
6/29/17,1.04
6/30/17,1.04
7/3/17,1.15
7/5/17,1.15
7/6/17,1.15
7/7/17,1.15
7/10/17,1.15
7/11/17,1.15
7/12/17,1.15
7/13/17,1.15
7/14/17,1.15
7/17/17,1.15
7/18/17,1.15
7/19/17,1.15
7/20/17,1.15
7/21/17,1.15
7/24/17,1.15
7/25/17,1.15
7/26/17,1.15
7/27/17,1.15
7/28/17,1.15
7/31/17,1.15
8/1/17,1.16
8/2/17,1.16
8/3/17,1.16
8/4/17,1.16
8/7/17,1.16
8/8/17,1.16
8/9/17,1.16
8/10/17,1.16
8/11/17,1.16
8/14/17,1.16
8/15/17,1.16
8/16/17,1.16
8/17/17,1.16
8/18/17,1.16
8/21/17,1.16
8/22/17,1.16
8/23/17,1.16
8/24/17,1.16
8/25/17,1.16
8/28/17,1.16
8/29/17,1.16
8/30/17,1.16
8/31/17,1.16
9/1/17,1.15
9/5/17,1.15
9/6/17,1.15
9/7/17,1.15
9/8/17,1.15
9/11/17,1.15
9/12/17,1.15
9/13/17,1.15
9/14/17,1.15
9/15/17,1.15
9/18/17,1.15
9/19/17,1.15
9/20/17,1.15
9/21/17,1.15
9/22/17,1.15
9/25/17,1.15
9/26/17,1.15
9/27/17,1.15
9/28/17,1.15
9/29/17,1.15
10/2/17,1.15
10/3/17,1.15
10/4/17,1.15
10/5/17,1.15
10/6/17,1.15
10/9/17,1.15
10/10/17,1.15
10/11/17,1.15
10/12/17,1.15
10/13/17,1.15
10/16/17,1.15
10/17/17,1.15
10/18/17,1.15
10/19/17,1.15
10/20/17,1.15
10/23/17,1.15
10/24/17,1.15
10/25/17,1.15
10/26/17,1.15
10/27/17,1.15
10/30/17,1.15
10/31/17,1.15
11/1/17,1.16
11/2/17,1.16
11/3/17,1.16
11/6/17,1.16
11/7/17,1.16
11/8/17,1.16
11/9/17,1.16
11/10/17,1.16
11/13/17,1.16
11/14/17,1.16
11/15/17,1.16
11/16/17,1.16
11/17/17,1.16
11/20/17,1.16
11/21/17,1.16
11/22/17,1.16
11/24/17,1.16
11/27/17,1.16
11/28/17,1.16
11/29/17,1.16
11/30/17,1.16
12/1/17,1.3
12/4/17,1.3
12/5/17,1.3
12/6/17,1.3
12/7/17,1.3
12/8/17,1.3
12/11/17,1.3
12/12/17,1.3
12/13/17,1.3
12/14/17,1.3
12/15/17,1.3
12/18/17,1.3
12/19/17,1.3
12/20/17,1.3
12/21/17,1.3
12/22/17,1.3
12/26/17,1.3
12/27/17,1.3
12/28/17,1.3
12/29/17,1.3
1/2/18,1.41
1/3/18,1.41
1/4/18,1.41
1/5/18,1.41
1/8/18,1.41
1/9/18,1.41
1/10/18,1.41
1/11/18,1.41
1/12/18,1.41
1/16/18,1.41
1/17/18,1.41
1/18/18,1.41
1/19/18,1.41
1/22/18,1.41
1/23/18,1.41
1/24/18,1.41
1/25/18,1.41
1/26/18,1.41
1/29/18,1.41
1/30/18,1.41
1/31/18,1.41
2/1/18,1.42
2/2/18,1.42
2/5/18,1.42
2/6/18,1.42
2/7/18,1.42
2/8/18,1.42
2/9/18,1.42
2/12/18,1.42
2/13/18,1.42
2/14/18,1.42
2/15/18,1.42
2/16/18,1.42
2/20/18,1.42
2/21/18,1.42
2/22/18,1.42
2/23/18,1.42
2/26/18,1.42
2/27/18,1.42
2/28/18,1.42
3/1/18,1.51
3/2/18,1.51
3/5/18,1.51
3/6/18,1.51
3/7/18,1.51
3/8/18,1.51
3/9/18,1.51
3/12/18,1.51
3/13/18,1.51
3/14/18,1.51
3/15/18,1.51
3/16/18,1.51
3/19/18,1.51
3/20/18,1.51
3/21/18,1.51
3/22/18,1.51
3/23/18,1.51
3/26/18,1.51
3/27/18,1.51
3/28/18,1.51
3/29/18,1.51
4/2/18,1.69
4/3/18,1.69
4/4/18,1.69
4/5/18,1.69
4/6/18,1.69
4/9/18,1.69
4/10/18,1.69
4/11/18,1.69
4/12/18,1.69
4/13/18,1.69
4/16/18,1.69
4/17/18,1.69
4/18/18,1.69
4/19/18,1.69
4/20/18,1.69
4/23/18,1.69
4/24/18,1.69
4/25/18,1.69
4/26/18,1.69
4/27/18,1.69
4/30/18,1.69
5/1/18,1.7
5/2/18,1.7
5/3/18,1.7
5/4/18,1.7
5/7/18,1.7
5/8/18,1.7
5/9/18,1.7
5/10/18,1.7
5/11/18,1.7
5/14/18,1.7
5/15/18,1.7
5/16/18,1.7
5/17/18,1.7
5/18/18,1.7
5/21/18,1.7
5/22/18,1.7
5/23/18,1.7
5/24/18,1.7
5/25/18,1.7
5/29/18,1.7
5/30/18,1.7
5/31/18,1.7
6/1/18,1.82
6/4/18,1.82
6/5/18,1.82
6/6/18,1.82
6/7/18,1.82
6/8/18,1.82
6/11/18,1.82
6/12/18,1.82
6/13/18,1.82
6/14/18,1.82
6/15/18,1.82
6/18/18,1.82
6/19/18,1.82
6/20/18,1.82
6/21/18,1.82
6/22/18,1.82
6/25/18,1.82
6/26/18,1.82
6/27/18,1.82
6/28/18,1.82
6/29/18,1.82
7/2/18,1.91
7/3/18,1.91
7/5/18,1.91
7/6/18,1.91
7/9/18,1.91
7/10/18,1.91
7/11/18,1.91
7/12/18,1.91
7/13/18,1.91
7/16/18,1.91
7/17/18,1.91
7/18/18,1.91
7/19/18,1.91
7/20/18,1.91
7/23/18,1.91
7/24/18,1.91
7/25/18,1.91
7/26/18,1.91
7/27/18,1.91
7/30/18,1.91
7/31/18,1.91
8/1/18,1.91
8/2/18,1.91
8/3/18,1.91
8/6/18,1.91
8/7/18,1.91
8/8/18,1.91
8/9/18,1.91
8/10/18,1.91
8/13/18,1.91
8/14/18,1.91
8/15/18,1.91
8/16/18,1.91
8/17/18,1.91
8/20/18,1.91
8/21/18,1.91
8/22/18,1.91
8/23/18,1.91
8/24/18,1.91
8/27/18,1.91
8/28/18,1.91
8/29/18,1.91
8/30/18,1.91
8/31/18,1.91
9/4/18,1.95
9/5/18,1.95
9/6/18,1.95
9/7/18,1.95
9/10/18,1.95
9/11/18,1.95
9/12/18,1.95
9/13/18,1.95
9/14/18,1.95
9/17/18,1.95
9/18/18,1.95
9/19/18,1.95
9/20/18,1.95
9/21/18,1.95
9/24/18,1.95
9/25/18,1.95
9/26/18,1.95
9/27/18,1.95
9/28/18,1.95
10/1/18,2.19
10/2/18,2.19
10/3/18,2.19
10/4/18,2.19
10/5/18,2.19
10/8/18,2.19
10/9/18,2.19
10/10/18,2.19
10/11/18,2.19
10/12/18,2.19
10/15/18,2.19
10/16/18,2.19
10/17/18,2.19
10/18/18,2.19
10/19/18,2.19
10/22/18,2.19
10/23/18,2.19
10/24/18,2.19
10/25/18,2.19
10/26/18,2.19
10/29/18,2.19
10/30/18,2.19
10/31/18,2.19
11/1/18,2.2
11/2/18,2.2
11/5/18,2.2
11/6/18,2.2
11/7/18,2.2
11/8/18,2.2
11/9/18,2.2
11/12/18,2.2
11/13/18,2.2
11/14/18,2.2
11/15/18,2.2
11/16/18,2.2
11/19/18,2.2
11/20/18,2.2
11/21/18,2.2
11/23/18,2.2
11/26/18,2.2
11/27/18,2.2
11/28/18,2.2
11/29/18,2.2
11/30/18,2.2
12/3/18,2.27
12/4/18,2.27
12/6/18,2.27
12/7/18,2.27
12/10/18,2.27
12/11/18,2.27
12/12/18,2.27
12/13/18,2.27
12/14/18,2.27
12/17/18,2.27
12/18/18,2.27
12/19/18,2.27
12/20/18,2.27
12/21/18,2.27
12/24/18,2.27
12/26/18,2.27
12/27/18,2.27
12/28/18,2.27
12/31/18,2.27
1/2/19,2.4
1/3/19,2.4
1/4/19,2.4
1/7/19,2.4
1/8/19,2.4
1/9/19,2.4
1/10/19,2.4
1/11/19,2.4
1/14/19,2.4
1/15/19,2.4
1/16/19,2.4
1/17/19,2.4
1/18/19,2.4
1/22/19,2.4
1/23/19,2.4
1/24/19,2.4
1/25/19,2.4
1/28/19,2.4
1/29/19,2.4
1/30/19,2.4
1/31/19,2.4
2/1/19,2.4
2/4/19,2.4
2/5/19,2.4
2/6/19,2.4
2/7/19,2.4
2/8/19,2.4
2/11/19,2.4
2/12/19,2.4
2/13/19,2.4
2/14/19,2.4
2/15/19,2.4
2/19/19,2.4
2/20/19,2.4
2/21/19,2.4
2/22/19,2.4
2/25/19,2.4
2/26/19,2.4
2/27/19,2.4
2/28/19,2.4
3/1/19,2.41
3/4/19,2.41
3/5/19,2.41
3/6/19,2.41
3/7/19,2.41
3/8/19,2.41
3/11/19,2.41
3/12/19,2.41
3/13/19,2.41
3/14/19,2.41
3/15/19,2.41
3/18/19,2.41
3/19/19,2.41
3/20/19,2.41
3/21/19,2.41
3/22/19,2.41
3/25/19,2.41
3/26/19,2.41
3/27/19,2.41
3/28/19,2.41
3/29/19,2.41
4/1/19,2.42
4/2/19,2.42
4/3/19,2.42
4/4/19,2.42
4/5/19,2.42
4/8/19,2.42
4/9/19,2.42
4/10/19,2.42
4/11/19,2.42
4/12/19,2.42
4/15/19,2.42
4/16/19,2.42
4/17/19,2.42
4/18/19,2.42
4/22/19,2.42
4/23/19,2.42
4/24/19,2.42
4/25/19,2.42
4/26/19,2.42
4/29/19,2.42
4/30/19,2.42
5/1/19,2.39
5/2/19,2.39
5/3/19,2.39
5/6/19,2.39
5/7/19,2.39
5/8/19,2.39
5/9/19,2.39
5/10/19,2.39
5/13/19,2.39
5/14/19,2.39
5/15/19,2.39
5/16/19,2.39
5/17/19,2.39
5/20/19,2.39
5/21/19,2.39
5/22/19,2.39
5/23/19,2.39
5/24/19,2.39
5/28/19,2.39
5/29/19,2.39
5/30/19,2.39
5/31/19,2.39
6/3/19,2.38
6/4/19,2.38
6/5/19,2.38
6/6/19,2.38
6/7/19,2.38
6/10/19,2.38
6/11/19,2.38
6/12/19,2.38
6/13/19,2.38
6/14/19,2.38
6/17/19,2.38
6/18/19,2.38
6/19/19,2.38
6/20/19,2.38
6/21/19,2.38
6/24/19,2.38
6/25/19,2.38
6/26/19,2.38
6/27/19,2.38
6/28/19,2.38
7/1/19,2.4
7/2/19,2.4
7/3/19,2.4
7/5/19,2.4
7/8/19,2.4
7/9/19,2.4
7/10/19,2.4
7/11/19,2.4
7/12/19,2.4
7/15/19,2.4
7/16/19,2.4
7/17/19,2.4
7/18/19,2.4
7/19/19,2.4
7/22/19,2.4
7/23/19,2.4
7/24/19,2.4
7/25/19,2.4
7/26/19,2.4
7/29/19,2.4
7/30/19,2.4
7/31/19,2.4
8/1/19,2.13
8/2/19,2.13
8/5/19,2.13
8/6/19,2.13
8/7/19,2.13
8/8/19,2.13
8/9/19,2.13
8/12/19,2.13
8/13/19,2.13
8/14/19,2.13
8/15/19,2.13
8/16/19,2.13
8/19/19,2.13
8/20/19,2.13
8/21/19,2.13
8/22/19,2.13
8/23/19,2.13
8/26/19,2.13
8/27/19,2.13
8/28/19,2.13
8/29/19,2.13
8/30/19,2.13
9/3/19,2.04
9/4/19,2.04
9/5/19,2.04
9/6/19,2.04
9/9/19,2.04
9/10/19,2.04
9/11/19,2.04
9/12/19,2.04
9/13/19,2.04
9/16/19,2.04
9/17/19,2.04
9/18/19,2.04
9/19/19,2.04
9/20/19,2.04
9/23/19,2.04
9/24/19,2.04
9/25/19,2.04
9/26/19,2.04
9/27/19,2.04
9/30/19,2.04
10/1/19,1.83
10/2/19,1.83
10/3/19,1.83
10/4/19,1.83
10/7/19,1.83
10/8/19,1.83
10/9/19,1.83
10/10/19,1.83
10/11/19,1.83
10/14/19,1.83
10/15/19,1.83
10/16/19,1.83
10/17/19,1.83
10/18/19,1.83
10/21/19,1.83
10/22/19,1.83
10/23/19,1.83
10/24/19,1.83
10/25/19,1.83
10/28/19,1.83
10/29/19,1.83
10/30/19,1.83
10/31/19,1.83
11/1/19,1.55
11/4/19,1.55
11/5/19,1.55
11/6/19,1.55
11/7/19,1.55
11/8/19,1.55
11/11/19,1.55
11/12/19,1.55
11/13/19,1.55
11/14/19,1.55
11/15/19,1.55
11/18/19,1.55
11/19/19,1.55
11/20/19,1.55
11/21/19,1.55
11/22/19,1.55
11/25/19,1.55
11/26/19,1.55
11/27/19,1.55
11/29/19,1.55
12/2/19,1.55
12/3/19,1.55
12/4/19,1.55
12/5/19,1.55
12/6/19,1.55
12/9/19,1.55
12/10/19,1.55
12/11/19,1.55
12/12/19,1.55
12/13/19,1.55
12/16/19,1.55
12/17/19,1.55
12/18/19,1.55
12/19/19,1.55
12/20/19,1.55
12/23/19,1.55
12/24/19,1.55
12/26/19,1.55
12/27/19,1.55
12/30/19,1.55
12/31/19,1.55
1/2/20,1.55
1/3/20,1.55
1/6/20,1.55
1/7/20,1.55
1/8/20,1.55
1/9/20,1.55
1/10/20,1.55
1/13/20,1.55
1/14/20,1.55
1/15/20,1.55
1/16/20,1.55
1/17/20,1.55
1/21/20,1.55
1/22/20,1.55
1/23/20,1.55
1/24/20,1.55
1/27/20,1.55
1/28/20,1.55
1/29/20,1.55
1/30/20,1.55
1/31/20,1.55
2/3/20,1.58
2/4/20,1.58
2/5/20,1.58
2/6/20,1.58
2/7/20,1.58
2/10/20,1.58
2/11/20,1.58
2/12/20,1.58
2/13/20,1.58
2/14/20,1.58
2/18/20,1.58
2/19/20,1.58
2/20/20,1.58
2/21/20,1.58
2/24/20,1.58
2/25/20,1.58
2/26/20,1.58
2/27/20,1.58
2/28/20,1.58
3/2/20,0.65
3/3/20,0.65
3/4/20,0.65
3/5/20,0.65
3/6/20,0.65
3/9/20,0.65
3/10/20,0.65
3/11/20,0.65
3/12/20,0.65
3/13/20,0.65
3/16/20,0.65
3/17/20,0.65
3/18/20,0.65
3/19/20,0.65
3/20/20,0.65
3/23/20,0.65
3/24/20,0.65
3/25/20,0.65
3/26/20,0.65
3/27/20,0.65
3/30/20,0.65
3/31/20,0.65
4/1/20,0.05
4/2/20,0.05
4/3/20,0.05
4/6/20,0.05
4/7/20,0.05
4/8/20,0.05
4/9/20,0.05
4/13/20,0.05
4/14/20,0.05
4/15/20,0.05
4/16/20,0.05
4/17/20,0.05
4/20/20,0.05
4/21/20,0.05
4/22/20,0.05
4/23/20,0.05
4/24/20,0.05
4/27/20,0.05
4/28/20,0.05
4/29/20,0.05
4/30/20,0.05
5/1/20,0.05
5/4/20,0.05
5/5/20,0.05
5/6/20,0.05
5/7/20,0.05
5/8/20,0.05
5/11/20,0.05
5/12/20,0.05
5/13/20,0.05
5/14/20,0.05
5/15/20,0.05
5/18/20,0.05
5/19/20,0.05
5/20/20,0.05
5/21/20,0.05
5/22/20,0.05
5/26/20,0.05
5/27/20,0.05
5/28/20,0.05
5/29/20,0.05
6/1/20,0.08
6/2/20,0.08
6/3/20,0.08
6/4/20,0.08
6/5/20,0.08
6/8/20,0.08
6/9/20,0.08
6/10/20,0.08
6/11/20,0.08
6/12/20,0.08
6/15/20,0.08
6/16/20,0.08
6/17/20,0.08
6/18/20,0.08
6/19/20,0.08
6/22/20,0.08
6/23/20,0.08
6/24/20,0.08
6/25/20,0.08
6/26/20,0.08
6/29/20,0.08
6/30/20,0.08
7/1/20,0.09
7/2/20,0.09
7/6/20,0.09
7/7/20,0.09
7/8/20,0.09
7/9/20,0.09
7/10/20,0.09
7/13/20,0.09
7/14/20,0.09
7/15/20,0.09
7/16/20,0.09
7/17/20,0.09
7/20/20,0.09
7/21/20,0.09
7/22/20,0.09
7/23/20,0.09
7/24/20,0.09
7/27/20,0.09
7/28/20,0.09
7/29/20,0.09
7/30/20,0.09
7/31/20,0.09
8/3/20,0.1
8/4/20,0.1
8/5/20,0.1
8/6/20,0.1
8/7/20,0.1
8/10/20,0.1
8/11/20,0.1
8/12/20,0.1
8/13/20,0.1
8/14/20,0.1
8/17/20,0.1
8/18/20,0.1
8/19/20,0.1
8/20/20,0.1
8/21/20,0.1
8/24/20,0.1
8/25/20,0.1
8/26/20,0.1
8/27/20,0.1
8/28/20,0.1
8/31/20,0.1
9/1/20,0.09
9/2/20,0.09
9/3/20,0.09
9/4/20,0.09
9/8/20,0.09
9/9/20,0.09
9/10/20,0.09
9/11/20,0.09
9/14/20,0.09
9/15/20,0.09
9/16/20,0.09
9/17/20,0.09
9/18/20,0.09
9/21/20,0.09
9/22/20,0.09
9/23/20,0.09
9/24/20,0.09
9/25/20,0.09
9/28/20,0.09
9/29/20,0.09
9/30/20,0.09
10/1/20,0.09
10/2/20,0.09
10/5/20,0.09
10/6/20,0.09
10/7/20,0.09
10/8/20,0.09
10/9/20,0.09
10/12/20,0.09
10/13/20,0.09
10/14/20,0.09
10/15/20,0.09
10/16/20,0.09
10/19/20,0.09
10/20/20,0.09
10/21/20,0.09
10/22/20,0.09
10/23/20,0.09
10/26/20,0.09
10/27/20,0.09
10/28/20,0.09
10/29/20,0.09
10/30/20,0.09
11/2/20,0.09
11/3/20,0.09
11/4/20,0.09
11/5/20,0.09
11/6/20,0.09
11/9/20,0.09
11/10/20,0.09
11/11/20,0.09
11/12/20,0.09
11/13/20,0.09
11/16/20,0.09
11/17/20,0.09
11/18/20,0.09
11/19/20,0.09
11/20/20,0.09
11/23/20,0.09
11/24/20,0.09
11/25/20,0.09
11/27/20,0.09
11/30/20,0.09
12/1/20,0.09
12/2/20,0.09
12/3/20,0.09
12/4/20,0.09
12/7/20,0.09
12/8/20,0.09
12/9/20,0.09
12/10/20,0.09
12/11/20,0.09
12/14/20,0.09
12/15/20,0.09
12/16/20,0.09
12/17/20,0.09
12/18/20,0.09
12/21/20,0.09
12/22/20,0.09
12/23/20,0.09
12/24/20,0.09
12/28/20,0.09
12/29/20,0.09
12/30/20,0.09
12/31/20,0.09
1/4/21,0.09
1/5/21,0.09
1/6/21,0.09
1/7/21,0.09
1/8/21,0.09
1/11/21,0.09
1/12/21,0.09
1/13/21,0.09
1/14/21,0.09
1/15/21,0.09
1/19/21,0.09
1/20/21,0.09
1/21/21,0.09
1/22/21,0.09
1/25/21,0.09
1/26/21,0.09
1/27/21,0.09
1/28/21,0.09
1/29/21,0.09
2/1/21,0.08
2/2/21,0.08
2/3/21,0.08
2/4/21,0.08
2/5/21,0.08
2/8/21,0.08
2/9/21,0.08
2/10/21,0.08
2/11/21,0.08
2/12/21,0.08
2/16/21,0.08
2/17/21,0.08
2/18/21,0.08
2/19/21,0.08
2/22/21,0.08
2/23/21,0.08
2/24/21,0.08
2/25/21,0.08
2/26/21,0.08
3/1/21,0.07
3/2/21,0.07
3/3/21,0.07
3/4/21,0.07
3/5/21,0.07
3/8/21,0.07
3/9/21,0.07
3/10/21,0.07
3/11/21,0.07
3/12/21,0.07
3/15/21,0.07
3/16/21,0.07
3/17/21,0.07
3/18/21,0.07
3/19/21,0.07
3/22/21,0.07
3/23/21,0.07
3/24/21,0.07
3/25/21,0.07
3/26/21,0.07
3/29/21,0.07
3/30/21,0.07
3/31/21,0.07
4/1/21,0.07
4/5/21,0.07
4/6/21,0.07
4/7/21,0.07
4/8/21,0.07
4/9/21,0.07
4/12/21,0.07
4/13/21,0.07
4/14/21,0.07
4/15/21,0.07
4/16/21,0.07
4/19/21,0.07
4/20/21,0.07
4/21/21,0.07
4/22/21,0.07
4/23/21,0.07
4/26/21,0.07
4/27/21,0.07
4/28/21,0.07
4/29/21,0.07
4/30/21,0.07
5/3/21,0.06
5/4/21,0.06
5/5/21,0.06
5/6/21,0.06
5/7/21,0.06
5/10/21,0.06
5/11/21,0.06
5/12/21,0.06
5/13/21,0.06
5/14/21,0.06
5/17/21,0.06
5/18/21,0.06
5/19/21,0.06
5/20/21,0.06
5/21/21,0.06
5/24/21,0.06
5/25/21,0.06
5/26/21,0.06
5/27/21,0.06
5/28/21,0.06
6/1/21,0.08
6/2/21,0.08
6/3/21,0.08
6/4/21,0.08
6/7/21,0.08
6/8/21,0.08
6/9/21,0.08
6/10/21,0.08
6/11/21,0.08
6/14/21,0.08
6/15/21,0.08
6/16/21,0.08
6/17/21,0.08
6/18/21,0.08
6/21/21,0.08
6/22/21,0.08
6/23/21,0.08
6/24/21,0.08
6/25/21,0.08
6/28/21,0.08
6/29/21,0.08
6/30/21,0.08
7/1/21,0.1
7/2/21,0.1
7/6/21,0.1
7/7/21,0.1
7/8/21,0.1
7/9/21,0.1
7/12/21,0.1
7/13/21,0.1
7/14/21,0.1
7/15/21,0.1
7/16/21,0.1
7/19/21,0.1
7/20/21,0.1
7/21/21,0.1
7/22/21,0.1
7/23/21,0.1
7/26/21,0.1
7/27/21,0.1
7/28/21,0.1
7/29/21,0.1
7/30/21,0.1
8/2/21,0.09
8/3/21,0.09
8/4/21,0.09
8/5/21,0.09
8/6/21,0.09
8/9/21,0.09
8/10/21,0.09
8/11/21,0.09
8/12/21,0.09
8/13/21,0.09
8/16/21,0.09
8/17/21,0.09
8/18/21,0.09
8/19/21,0.09
8/20/21,0.09
8/23/21,0.09
8/24/21,0.09
8/25/21,0.09
8/26/21,0.09
8/27/21,0.09
8/30/21,0.09
8/31/21,0.09
9/1/21,0.08
9/2/21,0.08
9/3/21,0.08
9/7/21,0.08
9/8/21,0.08
9/9/21,0.08
9/10/21,0.08
9/13/21,0.08
9/14/21,0.08
9/15/21,0.08
9/16/21,0.08
9/17/21,0.08
9/20/21,0.08
9/21/21,0.08
9/22/21,0.08
9/23/21,0.08
9/24/21,0.08
9/27/21,0.08
9/28/21,0.08
9/29/21,0.08
9/30/21,0.08
10/1/21,0.08
10/4/21,0.08
10/5/21,0.08
10/6/21,0.08
10/7/21,0.08
10/8/21,0.08
10/11/21,0.08
10/12/21,0.08
10/13/21,0.08
10/14/21,0.08
10/15/21,0.08
10/18/21,0.08
10/19/21,0.08
10/20/21,0.08
10/21/21,0.08
10/22/21,0.08
10/25/21,0.08
10/26/21,0.08
10/27/21,0.08
10/28/21,0.08
10/29/21,0.08
11/1/21,0.08
11/2/21,0.08
11/3/21,0.08
11/4/21,0.08
11/5/21,0.08
11/8/21,0.08
11/9/21,0.08
11/10/21,0.08
11/11/21,0.08
11/12/21,0.08
11/15/21,0.08
11/16/21,0.08
11/17/21,0.08
11/18/21,0.08
11/19/21,0.08
11/22/21,0.08
11/23/21,0.08
11/24/21,0.08
11/26/21,0.08
11/29/21,0.08
11/30/21,0.08
12/1/21,0.08
12/2/21,0.08
12/3/21,0.08
12/6/21,0.08
12/7/21,0.08
12/8/21,0.08
12/9/21,0.08
12/10/21,0.08
12/13/21,0.08
12/14/21,0.08
12/15/21,0.08
12/16/21,0.08
12/17/21,0.08
12/20/21,0.08
12/21/21,0.08
12/22/21,0.08
12/23/21,0.08
12/27/21,0.08
12/28/21,0.08
12/29/21,0.08
12/30/21,0.08
12/31/21,0.08
1/3/22,0.08
1/4/22,0.08
1/5/22,0.08
1/6/22,0.08
1/7/22,0.08
1/10/22,0.08
1/11/22,0.08
1/12/22,0.08
1/13/22,0.08
1/14/22,0.08
1/18/22,0.08
1/19/22,0.08
1/20/22,0.08
1/21/22,0.08
1/24/22,0.08
1/25/22,0.08
1/26/22,0.08
1/27/22,0.08
1/28/22,0.08
1/31/22,0.08
2/1/22,0.08
2/2/22,0.08
2/3/22,0.08
2/4/22,0.08
2/7/22,0.08
2/8/22,0.08
2/9/22,0.08
2/10/22,0.08
2/11/22,0.08
2/14/22,0.08
2/15/22,0.08
2/16/22,0.08
2/17/22,0.08
2/18/22,0.08
2/22/22,0.08
2/23/22,0.08
2/24/22,0.08
2/25/22,0.08
2/28/22,0.08
3/1/22,0.2
3/2/22,0.2
3/3/22,0.2
3/4/22,0.2
3/7/22,0.2
3/8/22,0.2
3/9/22,0.2
3/10/22,0.2
3/11/22,0.2
3/14/22,0.2
3/15/22,0.2
3/16/22,0.2
3/17/22,0.2
3/18/22,0.2
3/21/22,0.2
3/22/22,0.2
3/23/22,0.2
3/24/22,0.2
3/25/22,0.2
3/28/22,0.2
3/29/22,0.2
3/30/22,0.2
3/31/22,0.2
4/1/22,0.33
4/4/22,0.33
4/5/22,0.33
4/6/22,0.33
4/7/22,0.33
4/8/22,0.33
4/11/22,0.33
4/12/22,0.33
4/13/22,0.33
4/14/22,0.33
4/18/22,0.33
4/19/22,0.33
4/20/22,0.33
4/21/22,0.33
4/22/22,0.33
4/25/22,0.33
4/26/22,0.33
4/27/22,0.33
4/28/22,0.33
4/29/22,0.33
5/2/22,0.77
5/3/22,0.77
5/4/22,0.77
5/5/22,0.77
5/6/22,0.77
5/9/22,0.77
5/10/22,0.77
5/11/22,0.77
5/12/22,0.77
5/13/22,0.77
5/16/22,0.77
5/17/22,0.77
5/18/22,0.77
5/19/22,0.77
5/20/22,0.77
5/23/22,0.77
5/24/22,0.77
5/25/22,0.77
5/26/22,0.77
5/27/22,0.77
5/31/22,0.77
6/1/22,1.21
6/2/22,1.21
6/3/22,1.21
6/6/22,1.21
6/7/22,1.21
6/8/22,1.21
6/9/22,1.21
6/10/22,1.21
6/13/22,1.21
6/14/22,1.21
6/15/22,1.21
6/16/22,1.21
6/17/22,1.21
6/21/22,1.21
6/22/22,1.21
6/23/22,1.21
6/24/22,1.21
6/27/22,1.21
6/28/22,1.21
6/29/22,1.21
6/30/22,1.21
7/1/22,1.68
7/5/22,1.68
7/6/22,1.68
7/7/22,1.68
7/8/22,1.68
7/11/22,1.68
7/12/22,1.68
7/13/22,1.68
7/14/22,1.68
7/15/22,1.68
7/18/22,1.68
7/19/22,1.68
7/20/22,1.68
7/21/22,1.68
7/22/22,1.68
7/25/22,1.68
7/26/22,1.68
7/27/22,1.68
7/28/22,1.68
7/29/22,1.68
8/1/22,2.33
8/2/22,2.33
8/3/22,2.33
8/4/22,2.33
8/5/22,2.33
8/8/22,2.33
8/9/22,2.33
8/10/22,2.33
8/11/22,2.33
8/12/22,2.33
8/15/22,2.33
8/16/22,2.33
8/17/22,2.33
8/18/22,2.33
8/19/22,2.33
8/22/22,2.33
8/23/22,2.33
8/24/22,2.33
8/25/22,2.33
8/26/22,2.33
8/29/22,2.33
8/30/22,2.33
8/31/22,2.33
9/1/22,2.56
9/2/22,2.56
9/6/22,2.56
9/7/22,2.56
9/8/22,2.56
9/9/22,2.56
9/12/22,2.56
9/13/22,2.56
9/14/22,2.56
9/15/22,2.56
9/16/22,2.56
9/19/22,2.56
9/20/22,2.56
9/21/22,2.56
9/22/22,2.56
9/23/22,2.56
9/26/22,2.56
9/27/22,2.56
9/28/22,2.56
9/29/22,2.56
9/30/22,2.56
10/3/22,3.08
10/4/22,3.08
10/5/22,3.08
10/6/22,3.08
10/7/22,3.08
10/10/22,3.08
10/11/22,3.08
10/12/22,3.08
10/13/22,3.08
10/14/22,3.08
10/17/22,3.08
10/18/22,3.08
10/19/22,3.08
10/20/22,3.08
10/21/22,3.08
10/24/22,3.08
10/25/22,3.08
10/26/22,3.08
10/27/22,3.08
10/28/22,3.08
10/31/22,3.08
11/1/22,3.78
11/2/22,3.78
11/3/22,3.78
11/4/22,3.78
11/7/22,3.78
11/8/22,3.78
11/9/22,3.78
11/10/22,3.78
11/11/22,3.78
11/14/22,3.78
11/15/22,3.78
11/16/22,3.78
11/17/22,3.78
11/18/22,3.78
11/21/22,3.78
11/22/22,3.78
11/23/22,3.78
11/25/22,3.78
11/28/22,3.78
11/29/22,3.78
11/30/22,3.78
12/1/22,4.1
12/2/22,4.1
12/5/22,4.1
12/6/22,4.1
12/7/22,4.1
12/8/22,4.1
12/9/22,4.1
12/12/22,4.1
12/13/22,4.1
12/14/22,4.1
12/15/22,4.1
12/16/22,4.1
12/19/22,4.1
12/20/22,4.1
12/21/22,4.1
12/22/22,4.1
12/23/22,4.1
12/27/22,4.1
12/28/22,4.1
12/29/22,4.1
12/30/22,4.1
1/3/23,4.33
1/4/23,4.33
1/5/23,4.33
1/6/23,4.33
1/9/23,4.33
1/10/23,4.33
1/11/23,4.33
1/12/23,4.33
1/13/23,4.33
1/17/23,4.33
1/18/23,4.33
1/19/23,4.33
1/20/23,4.33
1/23/23,4.33
1/24/23,4.33
1/25/23,4.33
1/26/23,4.33
1/27/23,4.33
1/30/23,4.33
1/31/23,4.33
2/1/23,4.57
2/2/23,4.57
2/3/23,4.57
2/6/23,4.57
2/7/23,4.57
2/8/23,4.57
2/9/23,4.57
2/10/23,4.57
2/13/23,4.57
2/14/23,4.57
2/15/23,4.57
2/16/23,4.57
2/17/23,4.57
2/21/23,4.57
2/22/23,4.57
2/23/23,4.57
2/24/23,4.57
2/27/23,4.57
2/28/23,4.57
3/1/23,4.65
3/2/23,4.65
3/3/23,4.65
3/6/23,4.65
3/7/23,4.65
3/8/23,4.65
3/9/23,4.65
3/10/23,4.65
3/13/23,4.65
3/14/23,4.65
3/15/23,4.65
3/16/23,4.65
3/17/23,4.65
3/20/23,4.65
3/21/23,4.65
3/22/23,4.65
3/23/23,4.65
3/24/23,4.65
3/27/23,4.65
3/28/23,4.65
3/29/23,4.65
3/30/23,4.65
3/31/23,4.65
4/3/23,4.83
4/4/23,4.83
4/5/23,4.83
4/6/23,4.83
4/10/23,4.83
4/11/23,4.83
4/12/23,4.83
4/13/23,4.83
4/14/23,4.83
4/17/23,4.83
4/18/23,4.83
4/19/23,4.83
4/20/23,4.83
4/21/23,4.83
4/24/23,4.83
4/25/23,4.83
4/26/23,4.83
4/27/23,4.83
4/28/23,4.83
5/1/23,5.06
5/2/23,5.06
5/3/23,5.06
5/4/23,5.06
5/5/23,5.06
5/8/23,5.06
5/9/23,5.06
5/10/23,5.06
5/11/23,5.06
5/12/23,5.06
5/15/23,5.06
5/16/23,5.06
5/17/23,5.06
5/18/23,5.06
5/19/23,5.06
5/22/23,5.06
5/23/23,5.06
5/24/23,5.06
5/25/23,5.06
5/26/23,5.06
5/30/23,5.06
5/31/23,5.06
6/1/23,5.08
6/2/23,5.08
6/5/23,5.08
6/6/23,5.08
6/7/23,5.08
6/8/23,5.08
6/9/23,5.08
6/12/23,5.08
6/13/23,5.08
6/14/23,5.08
6/15/23,5.08
6/16/23,5.08
6/20/23,5.08
6/21/23,5.08
6/22/23,5.08
6/23/23,5.08
6/26/23,5.08
6/27/23,5.08
6/28/23,5.08
6/29/23,5.08
6/30/23,5.08
7/3/23,5.12
7/5/23,5.12
7/6/23,5.12
7/7/23,5.12
7/10/23,5.12
7/11/23,5.12
7/12/23,5.12
7/13/23,5.12
7/14/23,5.12
7/17/23,5.12
7/18/23,5.12
7/19/23,5.12
7/20/23,5.12
7/21/23,5.12
7/24/23,5.12
7/25/23,5.12
7/26/23,5.12
7/27/23,5.12
7/28/23,5.12
7/31/23,5.12
8/1/23,5.33
8/2/23,5.33
8/3/23,5.33
8/4/23,5.33
8/7/23,5.33
8/8/23,5.33
8/9/23,5.33
8/10/23,5.33
8/11/23,5.33
8/14/23,5.33
8/15/23,5.33
8/16/23,5.33
8/17/23,5.33
8/18/23,5.33
8/21/23,5.33
8/22/23,5.33
8/23/23,5.33
8/24/23,5.33
8/25/23,5.33
8/28/23,5.33
8/29/23,5.33
8/30/23,5.33
8/31/23,5.33
9/1/23,5.33
9/5/23,5.33
9/6/23,5.33
9/7/23,5.33
9/8/23,5.33
9/11/23,5.33
9/12/23,5.33
9/13/23,5.33
9/14/23,5.33
9/15/23,5.33
9/18/23,5.33
9/19/23,5.33
9/20/23,5.33
9/21/23,5.33
9/22/23,5.33
9/25/23,5.33
9/26/23,5.33
9/27/23,5.33
9/28/23,5.33
9/29/23,5.33
10/2/23,5.33
10/3/23,5.33
10/4/23,5.33
10/5/23,5.33
10/6/23,5.33
10/9/23,5.33
10/10/23,5.33
10/11/23,5.33
10/12/23,5.33
10/13/23,5.33
10/16/23,5.33
10/17/23,5.33
10/18/23,5.33
10/19/23,5.33
10/20/23,5.33
10/23/23,5.33
10/24/23,5.33
10/25/23,5.33
10/26/23,5.33
10/27/23,5.33
10/30/23,5.33
10/31/23,5.33
11/1/23,5.33
11/2/23,5.33
11/3/23,5.33
11/6/23,5.33
11/7/23,5.33
11/8/23,5.33
11/9/23,5.33
11/10/23,5.33
11/13/23,5.33
11/14/23,5.33
11/15/23,5.33
11/16/23,5.33
11/17/23,5.33
11/20/23,5.33
11/21/23,5.33
11/22/23,5.33
11/24/23,5.33
11/27/23,5.33
11/28/23,5.33
11/29/23,5.33
11/30/23,5.33
12/1/23,5.33
12/4/23,5.33
12/5/23,5.33
12/6/23,5.33
12/7/23,5.33
12/8/23,5.33
12/11/23,5.33
12/12/23,5.33
12/13/23,5.33
12/14/23,5.33
12/15/23,5.33
12/18/23,5.33
12/19/23,5.33
12/20/23,5.33
12/21/23,5.33
12/22/23,5.33
12/26/23,5.33
12/27/23,5.33
12/28/23,5.33
12/29/23,5.33