Date,RATES
1/2/2002,0.011
1/3/2002,0.011
1/4/2002,0.011
1/7/2002,0.011
1/8/2002,0.011
1/9/2002,0.011
1/10/2002,0.011
1/11/2002,0.011
1/14/2002,0.011
1/15/2002,0.011
1/16/2002,0.011
1/17/2002,0.011
1/18/2002,0.011
1/22/2002,0.011
1/23/2002,0.011
1/24/2002,0.011
1/25/2002,0.011
1/28/2002,0.011
1/29/2002,0.011
1/30/2002,0.011
1/31/2002,0.011
2/1/2002,0.011
2/4/2002,0.011
2/5/2002,0.011
2/6/2002,0.011
2/7/2002,0.011
2/8/2002,0.011
2/11/2002,0.011
2/12/2002,0.011
2/13/2002,0.011
2/14/2002,0.011
2/15/2002,0.011
2/19/2002,0.011
2/20/2002,0.011
2/21/2002,0.011
2/22/2002,0.011
2/25/2002,0.011
2/26/2002,0.011
2/27/2002,0.011
2/28/2002,0.011
3/1/2002,0.015
3/4/2002,0.015
3/5/2002,0.015
3/6/2002,0.015
3/7/2002,0.015
3/8/2002,0.015
3/11/2002,0.015
3/12/2002,0.015
3/13/2002,0.015
3/14/2002,0.015
3/15/2002,0.015
3/18/2002,0.015
3/19/2002,0.015
3/20/2002,0.015
3/21/2002,0.015
3/22/2002,0.015
3/25/2002,0.015
3/26/2002,0.015
3/27/2002,0.015
3/28/2002,0.015
4/1/2002,0.016
4/2/2002,0.016
4/3/2002,0.016
4/4/2002,0.016
4/5/2002,0.016
4/8/2002,0.016
4/9/2002,0.016
4/10/2002,0.016
4/11/2002,0.016
4/12/2002,0.016
4/15/2002,0.016
4/16/2002,0.016
4/17/2002,0.016
4/18/2002,0.016
4/19/2002,0.016
4/22/2002,0.016
4/23/2002,0.016
4/24/2002,0.016
4/25/2002,0.016
4/26/2002,0.016
4/29/2002,0.016
4/30/2002,0.016
5/1/2002,0.012
5/2/2002,0.012
5/3/2002,0.012
5/6/2002,0.012
5/7/2002,0.012
5/8/2002,0.012
5/9/2002,0.012
5/10/2002,0.012
5/13/2002,0.012
5/14/2002,0.012
5/15/2002,0.012
5/16/2002,0.012
5/17/2002,0.012
5/20/2002,0.012
5/21/2002,0.012
5/22/2002,0.012
5/23/2002,0.012
5/24/2002,0.012
5/28/2002,0.012
5/29/2002,0.012
5/30/2002,0.012
5/31/2002,0.012
6/3/2002,0.011
6/4/2002,0.011
6/5/2002,0.011
6/6/2002,0.011
6/7/2002,0.011
6/10/2002,0.011
6/11/2002,0.011
6/12/2002,0.011
6/13/2002,0.011
6/14/2002,0.011
6/17/2002,0.011
6/18/2002,0.011
6/19/2002,0.011
6/20/2002,0.011
6/21/2002,0.011
6/24/2002,0.011
6/25/2002,0.011
6/26/2002,0.011
6/27/2002,0.011
6/28/2002,0.011
7/1/2002,0.015
7/2/2002,0.015
7/3/2002,0.015
7/5/2002,0.015
7/8/2002,0.015
7/9/2002,0.015
7/10/2002,0.015
7/11/2002,0.015
7/12/2002,0.015
7/15/2002,0.015
7/16/2002,0.015
7/17/2002,0.015
7/18/2002,0.015
7/19/2002,0.015
7/22/2002,0.015
7/23/2002,0.015
7/24/2002,0.015
7/25/2002,0.015
7/26/2002,0.015
7/29/2002,0.015
7/30/2002,0.015
7/31/2002,0.015
8/1/2002,0.018
8/2/2002,0.018
8/5/2002,0.018
8/6/2002,0.018
8/7/2002,0.018
8/8/2002,0.018
8/9/2002,0.018
8/12/2002,0.018
8/13/2002,0.018
8/14/2002,0.018
8/15/2002,0.018
8/16/2002,0.018
8/19/2002,0.018
8/20/2002,0.018
8/21/2002,0.018
8/22/2002,0.018
8/23/2002,0.018
8/26/2002,0.018
8/27/2002,0.018
8/28/2002,0.018
8/29/2002,0.018
8/30/2002,0.018
9/3/2002,0.015
9/4/2002,0.015
9/5/2002,0.015
9/6/2002,0.015
9/9/2002,0.015
9/10/2002,0.015
9/11/2002,0.015
9/12/2002,0.015
9/13/2002,0.015
9/16/2002,0.015
9/17/2002,0.015
9/18/2002,0.015
9/19/2002,0.015
9/20/2002,0.015
9/23/2002,0.015
9/24/2002,0.015
9/25/2002,0.015
9/26/2002,0.015
9/27/2002,0.015
9/30/2002,0.015
10/1/2002,0.020
10/2/2002,0.020
10/3/2002,0.020
10/4/2002,0.020
10/7/2002,0.020
10/8/2002,0.020
10/9/2002,0.020
10/10/2002,0.020
10/11/2002,0.020
10/14/2002,0.020
10/15/2002,0.020
10/16/2002,0.020
10/17/2002,0.020
10/18/2002,0.020
10/21/2002,0.020
10/22/2002,0.020
10/23/2002,0.020
10/24/2002,0.020
10/25/2002,0.020
10/28/2002,0.020
10/29/2002,0.020
10/30/2002,0.020
10/31/2002,0.020
11/1/2002,0.022
11/4/2002,0.022
11/5/2002,0.022
11/6/2002,0.022
11/7/2002,0.022
11/8/2002,0.022
11/11/2002,0.022
11/12/2002,0.022
11/13/2002,0.022
11/14/2002,0.022
11/15/2002,0.022
11/18/2002,0.022
11/19/2002,0.022
11/20/2002,0.022
11/21/2002,0.022
11/22/2002,0.022
11/25/2002,0.022
11/26/2002,0.022
11/27/2002,0.022
11/29/2002,0.022
12/2/2002,0.024
12/3/2002,0.024
12/4/2002,0.024
12/5/2002,0.024
12/6/2002,0.024
12/9/2002,0.024
12/10/2002,0.024
12/11/2002,0.024
12/12/2002,0.024
12/13/2002,0.024
12/16/2002,0.024
12/17/2002,0.024
12/18/2002,0.024
12/19/2002,0.024
12/20/2002,0.024
12/23/2002,0.024
12/24/2002,0.024
12/26/2002,0.024
12/27/2002,0.024
12/30/2002,0.024
12/31/2002,0.024
1/2/2003,0.026
1/3/2003,0.026
1/6/2003,0.026
1/7/2003,0.026
1/8/2003,0.026
1/9/2003,0.026
1/10/2003,0.026
1/13/2003,0.026
1/14/2003,0.026
1/15/2003,0.026
1/16/2003,0.026
1/17/2003,0.026
1/21/2003,0.026
1/22/2003,0.026
1/23/2003,0.026
1/24/2003,0.026
1/27/2003,0.026
1/28/2003,0.026
1/29/2003,0.026
1/30/2003,0.026
1/31/2003,0.026
2/3/2003,0.030
2/4/2003,0.030
2/5/2003,0.030
2/6/2003,0.030
2/7/2003,0.030
2/10/2003,0.030
2/11/2003,0.030
2/12/2003,0.030
2/13/2003,0.030
2/14/2003,0.030
2/18/2003,0.030
2/19/2003,0.030
2/20/2003,0.030
2/21/2003,0.030
2/24/2003,0.030
2/25/2003,0.030
2/26/2003,0.030
2/27/2003,0.030
2/28/2003,0.030
3/3/2003,0.030
3/4/2003,0.030
3/5/2003,0.030
3/6/2003,0.030
3/7/2003,0.030
3/10/2003,0.030
3/11/2003,0.030
3/12/2003,0.030
3/13/2003,0.030
3/14/2003,0.030
3/17/2003,0.030
3/18/2003,0.030
3/19/2003,0.030
3/20/2003,0.030
3/21/2003,0.030
3/24/2003,0.030
3/25/2003,0.030
3/26/2003,0.030
3/27/2003,0.030
3/28/2003,0.030
3/31/2003,0.030
4/1/2003,0.022
4/2/2003,0.022
4/3/2003,0.022
4/4/2003,0.022
4/7/2003,0.022
4/8/2003,0.022
4/9/2003,0.022
4/10/2003,0.022
4/11/2003,0.022
4/14/2003,0.022
4/15/2003,0.022
4/16/2003,0.022
4/17/2003,0.022
4/21/2003,0.022
4/22/2003,0.022
4/23/2003,0.022
4/24/2003,0.022
4/25/2003,0.022
4/28/2003,0.022
4/29/2003,0.022
4/30/2003,0.022
5/1/2003,0.021
5/2/2003,0.021
5/5/2003,0.021
5/6/2003,0.021
5/7/2003,0.021
5/8/2003,0.021
5/9/2003,0.021
5/12/2003,0.021
5/13/2003,0.021
5/14/2003,0.021
5/15/2003,0.021
5/16/2003,0.021
5/19/2003,0.021
5/20/2003,0.021
5/21/2003,0.021
5/22/2003,0.021
5/23/2003,0.021
5/27/2003,0.021
5/28/2003,0.021
5/29/2003,0.021
5/30/2003,0.021
6/2/2003,0.021
6/3/2003,0.021
6/4/2003,0.021
6/5/2003,0.021
6/6/2003,0.021
6/9/2003,0.021
6/10/2003,0.021
6/11/2003,0.021
6/12/2003,0.021
6/13/2003,0.021
6/16/2003,0.021
6/17/2003,0.021
6/18/2003,0.021
6/19/2003,0.021
6/20/2003,0.021
6/23/2003,0.021
6/24/2003,0.021
6/25/2003,0.021
6/26/2003,0.021
6/27/2003,0.021
6/30/2003,0.021
7/1/2003,0.021
7/2/2003,0.021
7/3/2003,0.021
7/7/2003,0.021
7/8/2003,0.021
7/9/2003,0.021
7/10/2003,0.021
7/11/2003,0.021
7/14/2003,0.021
7/15/2003,0.021
7/16/2003,0.021
7/17/2003,0.021
7/18/2003,0.021
7/21/2003,0.021
7/22/2003,0.021
7/23/2003,0.021
7/24/2003,0.021
7/25/2003,0.021
7/28/2003,0.021
7/29/2003,0.021
7/30/2003,0.021
7/31/2003,0.021
8/1/2003,0.022
8/4/2003,0.022
8/5/2003,0.022
8/6/2003,0.022
8/7/2003,0.022
8/8/2003,0.022
8/11/2003,0.022
8/12/2003,0.022
8/13/2003,0.022
8/14/2003,0.022
8/15/2003,0.022
8/18/2003,0.022
8/19/2003,0.022
8/20/2003,0.022
8/21/2003,0.022
8/22/2003,0.022
8/25/2003,0.022
8/26/2003,0.022
8/27/2003,0.022
8/28/2003,0.022
8/29/2003,0.022
9/2/2003,0.023
9/3/2003,0.023
9/4/2003,0.023
9/5/2003,0.023
9/8/2003,0.023
9/9/2003,0.023
9/10/2003,0.023
9/11/2003,0.023
9/12/2003,0.023
9/15/2003,0.023
9/16/2003,0.023
9/17/2003,0.023
9/18/2003,0.023
9/19/2003,0.023
9/22/2003,0.023
9/23/2003,0.023
9/24/2003,0.023
9/25/2003,0.023
9/26/2003,0.023
9/29/2003,0.023
9/30/2003,0.023
10/1/2003,0.020
10/2/2003,0.020
10/3/2003,0.020
10/6/2003,0.020
10/7/2003,0.020
10/8/2003,0.020
10/9/2003,0.020
10/10/2003,0.020
10/13/2003,0.020
10/14/2003,0.020
10/15/2003,0.020
10/16/2003,0.020
10/17/2003,0.020
10/20/2003,0.020
10/21/2003,0.020
10/22/2003,0.020
10/23/2003,0.020
10/24/2003,0.020
10/27/2003,0.020
10/28/2003,0.020
10/29/2003,0.020
10/30/2003,0.020
10/31/2003,0.020
11/3/2003,0.018
11/4/2003,0.018
11/5/2003,0.018
11/6/2003,0.018
11/7/2003,0.018
11/10/2003,0.018
11/11/2003,0.018
11/12/2003,0.018
11/13/2003,0.018
11/14/2003,0.018
11/17/2003,0.018
11/18/2003,0.018
11/19/2003,0.018
11/20/2003,0.018
11/21/2003,0.018
11/24/2003,0.018
11/25/2003,0.018
11/26/2003,0.018
11/28/2003,0.018
12/1/2003,0.019
12/2/2003,0.019
12/3/2003,0.019
12/4/2003,0.019
12/5/2003,0.019
12/8/2003,0.019
12/9/2003,0.019
12/10/2003,0.019
12/11/2003,0.019
12/12/2003,0.019
12/15/2003,0.019
12/16/2003,0.019
12/17/2003,0.019
12/18/2003,0.019
12/19/2003,0.019
12/22/2003,0.019
12/23/2003,0.019
12/24/2003,0.019
12/26/2003,0.019
12/29/2003,0.019
12/30/2003,0.019
12/31/2003,0.019
1/2/2004,0.019
1/5/2004,0.019
1/6/2004,0.019
1/7/2004,0.019
1/8/2004,0.019
1/9/2004,0.019
1/12/2004,0.019
1/13/2004,0.019
1/14/2004,0.019
1/15/2004,0.019
1/16/2004,0.019
1/20/2004,0.019
1/21/2004,0.019
1/22/2004,0.019
1/23/2004,0.019
1/26/2004,0.019
1/27/2004,0.019
1/28/2004,0.019
1/29/2004,0.019
1/30/2004,0.019
2/2/2004,0.017
2/3/2004,0.017
2/4/2004,0.017
2/5/2004,0.017
2/6/2004,0.017
2/9/2004,0.017
2/10/2004,0.017
2/11/2004,0.017
2/12/2004,0.017
2/13/2004,0.017
2/17/2004,0.017
2/18/2004,0.017
2/19/2004,0.017
2/20/2004,0.017
2/23/2004,0.017
2/24/2004,0.017
2/25/2004,0.017
2/26/2004,0.017
2/27/2004,0.017
3/1/2004,0.017
3/2/2004,0.017
3/3/2004,0.017
3/4/2004,0.017
3/5/2004,0.017
3/8/2004,0.017
3/9/2004,0.017
3/10/2004,0.017
3/11/2004,0.017
3/12/2004,0.017
3/15/2004,0.017
3/16/2004,0.017
3/17/2004,0.017
3/18/2004,0.017
3/19/2004,0.017
3/22/2004,0.017
3/23/2004,0.017
3/24/2004,0.017
3/25/2004,0.017
3/26/2004,0.017
3/29/2004,0.017
3/30/2004,0.017
3/31/2004,0.017
4/1/2004,0.023
4/2/2004,0.023
4/5/2004,0.023
4/6/2004,0.023
4/7/2004,0.023
4/8/2004,0.023
4/12/2004,0.023
4/13/2004,0.023
4/14/2004,0.023
4/15/2004,0.023
4/16/2004,0.023
4/19/2004,0.023
4/20/2004,0.023
4/21/2004,0.023
4/22/2004,0.023
4/23/2004,0.023
4/26/2004,0.023
4/27/2004,0.023
4/28/2004,0.023
4/29/2004,0.023
4/30/2004,0.023
5/3/2004,0.031
5/4/2004,0.031
5/5/2004,0.031
5/6/2004,0.031
5/7/2004,0.031
5/10/2004,0.031
5/11/2004,0.031
5/12/2004,0.031
5/13/2004,0.031
5/14/2004,0.031
5/17/2004,0.031
5/18/2004,0.031
5/19/2004,0.031
5/20/2004,0.031
5/21/2004,0.031
5/24/2004,0.031
5/25/2004,0.031
5/26/2004,0.031
5/27/2004,0.031
5/28/2004,0.031
6/1/2004,0.033
6/2/2004,0.033
6/3/2004,0.033
6/4/2004,0.033
6/7/2004,0.033
6/8/2004,0.033
6/9/2004,0.033
6/10/2004,0.033
6/14/2004,0.033
6/15/2004,0.033
6/16/2004,0.033
6/17/2004,0.033
6/18/2004,0.033
6/21/2004,0.033
6/22/2004,0.033
6/23/2004,0.033
6/24/2004,0.033
6/25/2004,0.033
6/28/2004,0.033
6/29/2004,0.033
6/30/2004,0.033
7/1/2004,0.030
7/2/2004,0.030
7/6/2004,0.030
7/7/2004,0.030
7/8/2004,0.030
7/9/2004,0.030
7/12/2004,0.030
7/13/2004,0.030
7/14/2004,0.030
7/15/2004,0.030
7/16/2004,0.030
7/19/2004,0.030
7/20/2004,0.030
7/21/2004,0.030
7/22/2004,0.030
7/23/2004,0.030
7/26/2004,0.030
7/27/2004,0.030
7/28/2004,0.030
7/29/2004,0.030
7/30/2004,0.030
8/2/2004,0.027
8/3/2004,0.027
8/4/2004,0.027
8/5/2004,0.027
8/6/2004,0.027
8/9/2004,0.027
8/10/2004,0.027
8/11/2004,0.027
8/12/2004,0.027
8/13/2004,0.027
8/16/2004,0.027
8/17/2004,0.027
8/18/2004,0.027
8/19/2004,0.027
8/20/2004,0.027
8/23/2004,0.027
8/24/2004,0.027
8/25/2004,0.027
8/26/2004,0.027
8/27/2004,0.027
8/30/2004,0.027
8/31/2004,0.027
9/1/2004,0.025
9/2/2004,0.025
9/3/2004,0.025
9/7/2004,0.025
9/8/2004,0.025
9/9/2004,0.025
9/10/2004,0.025
9/13/2004,0.025
9/14/2004,0.025
9/15/2004,0.025
9/16/2004,0.025
9/17/2004,0.025
9/20/2004,0.025
9/21/2004,0.025
9/22/2004,0.025
9/23/2004,0.025
9/24/2004,0.025
9/27/2004,0.025
9/28/2004,0.025
9/29/2004,0.025
9/30/2004,0.025
10/1/2004,0.032
10/4/2004,0.032
10/5/2004,0.032
10/6/2004,0.032
10/7/2004,0.032
10/8/2004,0.032
10/11/2004,0.032
10/12/2004,0.032
10/13/2004,0.032
10/14/2004,0.032
10/15/2004,0.032
10/18/2004,0.032
10/19/2004,0.032
10/20/2004,0.032
10/21/2004,0.032
10/22/2004,0.032
10/25/2004,0.032
10/26/2004,0.032
10/27/2004,0.032
10/28/2004,0.032
10/29/2004,0.032
11/1/2004,0.035
11/2/2004,0.035
11/3/2004,0.035
11/4/2004,0.035
11/5/2004,0.035
11/8/2004,0.035
11/9/2004,0.035
11/10/2004,0.035
11/11/2004,0.035
11/12/2004,0.035
11/15/2004,0.035
11/16/2004,0.035
11/17/2004,0.035
11/18/2004,0.035
11/19/2004,0.035
11/22/2004,0.035
11/23/2004,0.035
11/24/2004,0.035
11/26/2004,0.035
11/29/2004,0.035
11/30/2004,0.035
12/1/2004,0.033
12/2/2004,0.033
12/3/2004,0.033
12/6/2004,0.033
12/7/2004,0.033
12/8/2004,0.033
12/9/2004,0.033
12/10/2004,0.033
12/13/2004,0.033
12/14/2004,0.033
12/15/2004,0.033
12/16/2004,0.033
12/17/2004,0.033
12/20/2004,0.033
12/21/2004,0.033
12/22/2004,0.033
12/23/2004,0.033
12/27/2004,0.033
12/28/2004,0.033
12/29/2004,0.033
12/30/2004,0.033
12/31/2004,0.033
1/3/2005,0.030
1/4/2005,0.030
1/5/2005,0.030
1/6/2005,0.030
1/7/2005,0.030
1/10/2005,0.030
1/11/2005,0.030
1/12/2005,0.030
1/13/2005,0.030
1/14/2005,0.030
1/18/2005,0.030
1/19/2005,0.030
1/20/2005,0.030
1/21/2005,0.030
1/24/2005,0.030
1/25/2005,0.030
1/26/2005,0.030
1/27/2005,0.030
1/28/2005,0.030
1/31/2005,0.030
2/1/2005,0.030
2/2/2005,0.030
2/3/2005,0.030
2/4/2005,0.030
2/7/2005,0.030
2/8/2005,0.030
2/9/2005,0.030
2/10/2005,0.030
2/11/2005,0.030
2/14/2005,0.030
2/15/2005,0.030
2/16/2005,0.030
2/17/2005,0.030
2/18/2005,0.030
2/22/2005,0.030
2/23/2005,0.030
2/24/2005,0.030
2/25/2005,0.030
2/28/2005,0.030
3/1/2005,0.031
3/2/2005,0.031
3/3/2005,0.031
3/4/2005,0.031
3/7/2005,0.031
3/8/2005,0.031
3/9/2005,0.031
3/10/2005,0.031
3/11/2005,0.031
3/14/2005,0.031
3/15/2005,0.031
3/16/2005,0.031
3/17/2005,0.031
3/18/2005,0.031
3/21/2005,0.031
3/22/2005,0.031
3/23/2005,0.031
3/24/2005,0.031
3/28/2005,0.031
3/29/2005,0.031
3/30/2005,0.031
3/31/2005,0.031
4/1/2005,0.035
4/4/2005,0.035
4/5/2005,0.035
4/6/2005,0.035
4/7/2005,0.035
4/8/2005,0.035
4/11/2005,0.035
4/12/2005,0.035
4/13/2005,0.035
4/14/2005,0.035
4/15/2005,0.035
4/18/2005,0.035
4/19/2005,0.035
4/20/2005,0.035
4/21/2005,0.035
4/22/2005,0.035
4/25/2005,0.035
4/26/2005,0.035
4/27/2005,0.035
4/28/2005,0.035
4/29/2005,0.035
5/2/2005,0.028
5/3/2005,0.028
5/4/2005,0.028
5/5/2005,0.028
5/6/2005,0.028
5/9/2005,0.028
5/10/2005,0.028
5/11/2005,0.028
5/12/2005,0.028
5/13/2005,0.028
5/16/2005,0.028
5/17/2005,0.028
5/18/2005,0.028
5/19/2005,0.028
5/20/2005,0.028
5/23/2005,0.028
5/24/2005,0.028
5/25/2005,0.028
5/26/2005,0.028
5/27/2005,0.028
5/31/2005,0.028
6/1/2005,0.025
6/2/2005,0.025
6/3/2005,0.025
6/6/2005,0.025
6/7/2005,0.025
6/8/2005,0.025
6/9/2005,0.025
6/10/2005,0.025
6/13/2005,0.025
6/14/2005,0.025
6/15/2005,0.025
6/16/2005,0.025
6/17/2005,0.025
6/20/2005,0.025
6/21/2005,0.025
6/22/2005,0.025
6/23/2005,0.025
6/24/2005,0.025
6/27/2005,0.025
6/28/2005,0.025
6/29/2005,0.025
6/30/2005,0.025
7/1/2005,0.032
7/5/2005,0.032
7/6/2005,0.032
7/7/2005,0.032
7/8/2005,0.032
7/11/2005,0.032
7/12/2005,0.032
7/13/2005,0.032
7/14/2005,0.032
7/15/2005,0.032
7/18/2005,0.032
7/19/2005,0.032
7/20/2005,0.032
7/21/2005,0.032
7/22/2005,0.032
7/25/2005,0.032
7/26/2005,0.032
7/27/2005,0.032
7/28/2005,0.032
7/29/2005,0.032
8/1/2005,0.036
8/2/2005,0.036
8/3/2005,0.036
8/4/2005,0.036
8/5/2005,0.036
8/8/2005,0.036
8/9/2005,0.036
8/10/2005,0.036
8/11/2005,0.036
8/12/2005,0.036
8/15/2005,0.036
8/16/2005,0.036
8/17/2005,0.036
8/18/2005,0.036
8/19/2005,0.036
8/22/2005,0.036
8/23/2005,0.036
8/24/2005,0.036
8/25/2005,0.036
8/26/2005,0.036
8/29/2005,0.036
8/30/2005,0.036
8/31/2005,0.036
9/1/2005,0.047
9/2/2005,0.047
9/6/2005,0.047
9/7/2005,0.047
9/8/2005,0.047
9/9/2005,0.047
9/12/2005,0.047
9/13/2005,0.047
9/14/2005,0.047
9/15/2005,0.047
9/16/2005,0.047
9/19/2005,0.047
9/20/2005,0.047
9/21/2005,0.047
9/22/2005,0.047
9/23/2005,0.047
9/26/2005,0.047
9/27/2005,0.047
9/28/2005,0.047
9/29/2005,0.047
9/30/2005,0.047
10/3/2005,0.043
10/4/2005,0.043
10/5/2005,0.043
10/6/2005,0.043
10/7/2005,0.043
10/10/2005,0.043
10/11/2005,0.043
10/12/2005,0.043
10/13/2005,0.043
10/14/2005,0.043
10/17/2005,0.043
10/18/2005,0.043
10/19/2005,0.043
10/20/2005,0.043
10/21/2005,0.043
10/24/2005,0.043
10/25/2005,0.043
10/26/2005,0.043
10/27/2005,0.043
10/28/2005,0.043
10/31/2005,0.043
11/1/2005,0.035
11/2/2005,0.035
11/3/2005,0.035
11/4/2005,0.035
11/7/2005,0.035
11/8/2005,0.035
11/9/2005,0.035
11/10/2005,0.035
11/11/2005,0.035
11/14/2005,0.035
11/15/2005,0.035
11/16/2005,0.035
11/17/2005,0.035
11/18/2005,0.035
11/21/2005,0.035
11/22/2005,0.035
11/23/2005,0.035
11/25/2005,0.035
11/28/2005,0.035
11/29/2005,0.035
11/30/2005,0.035
12/1/2005,0.034
12/2/2005,0.034
12/5/2005,0.034
12/6/2005,0.034
12/7/2005,0.034
12/8/2005,0.034
12/9/2005,0.034
12/12/2005,0.034
12/13/2005,0.034
12/14/2005,0.034
12/15/2005,0.034
12/16/2005,0.034
12/19/2005,0.034
12/20/2005,0.034
12/21/2005,0.034
12/22/2005,0.034
12/23/2005,0.034
12/27/2005,0.034
12/28/2005,0.034
12/29/2005,0.034
12/30/2005,0.034
1/3/2006,0.040
1/4/2006,0.040
1/5/2006,0.040
1/6/2006,0.040
1/9/2006,0.040
1/10/2006,0.040
1/11/2006,0.040
1/12/2006,0.040
1/13/2006,0.040
1/17/2006,0.040
1/18/2006,0.040
1/19/2006,0.040
1/20/2006,0.040
1/23/2006,0.040
1/24/2006,0.040
1/25/2006,0.040
1/26/2006,0.040
1/27/2006,0.040
1/30/2006,0.040
1/31/2006,0.040
2/1/2006,0.036
2/2/2006,0.036
2/3/2006,0.036
2/6/2006,0.036
2/7/2006,0.036
2/8/2006,0.036
2/9/2006,0.036
2/10/2006,0.036
2/13/2006,0.036
2/14/2006,0.036
2/15/2006,0.036
2/16/2006,0.036
2/17/2006,0.036
2/21/2006,0.036
2/22/2006,0.036
2/23/2006,0.036
2/24/2006,0.036
2/27/2006,0.036
2/28/2006,0.036
3/1/2006,0.034
3/2/2006,0.034
3/3/2006,0.034
3/6/2006,0.034
3/7/2006,0.034
3/8/2006,0.034
3/9/2006,0.034
3/10/2006,0.034
3/13/2006,0.034
3/14/2006,0.034
3/15/2006,0.034
3/16/2006,0.034
3/17/2006,0.034
3/20/2006,0.034
3/21/2006,0.034
3/22/2006,0.034
3/23/2006,0.034
3/24/2006,0.034
3/27/2006,0.034
3/28/2006,0.034
3/29/2006,0.034
3/30/2006,0.034
3/31/2006,0.034
4/3/2006,0.035
4/4/2006,0.035
4/5/2006,0.035
4/6/2006,0.035
4/7/2006,0.035
4/10/2006,0.035
4/11/2006,0.035
4/12/2006,0.035
4/13/2006,0.035
4/17/2006,0.035
4/18/2006,0.035
4/19/2006,0.035
4/20/2006,0.035
4/21/2006,0.035
4/24/2006,0.035
4/25/2006,0.035
4/26/2006,0.035
4/27/2006,0.035
4/28/2006,0.035
5/1/2006,0.042
5/2/2006,0.042
5/3/2006,0.042
5/4/2006,0.042
5/5/2006,0.042
5/8/2006,0.042
5/9/2006,0.042
5/10/2006,0.042
5/11/2006,0.042
5/12/2006,0.042
5/15/2006,0.042
5/16/2006,0.042
5/17/2006,0.042
5/18/2006,0.042
5/19/2006,0.042
5/22/2006,0.042
5/23/2006,0.042
5/24/2006,0.042
5/25/2006,0.042
5/26/2006,0.042
5/30/2006,0.042
5/31/2006,0.042
6/1/2006,0.043
6/2/2006,0.043
6/5/2006,0.043
6/6/2006,0.043
6/7/2006,0.043
6/8/2006,0.043
6/9/2006,0.043
6/12/2006,0.043
6/13/2006,0.043
6/14/2006,0.043
6/15/2006,0.043
6/16/2006,0.043
6/19/2006,0.043
6/20/2006,0.043
6/21/2006,0.043
6/22/2006,0.043
6/23/2006,0.043
6/26/2006,0.043
6/27/2006,0.043
6/28/2006,0.043
6/29/2006,0.043
6/30/2006,0.043
7/3/2006,0.041
7/5/2006,0.041
7/6/2006,0.041
7/7/2006,0.041
7/10/2006,0.041
7/11/2006,0.041
7/12/2006,0.041
7/13/2006,0.041
7/14/2006,0.041
7/17/2006,0.041
7/18/2006,0.041
7/19/2006,0.041
7/20/2006,0.041
7/21/2006,0.041
7/24/2006,0.041
7/25/2006,0.041
7/26/2006,0.041
7/27/2006,0.041
7/28/2006,0.041
7/31/2006,0.041
8/1/2006,0.038
8/2/2006,0.038
8/3/2006,0.038
8/4/2006,0.038
8/7/2006,0.038
8/8/2006,0.038
8/9/2006,0.038
8/10/2006,0.038
8/11/2006,0.038
8/14/2006,0.038
8/15/2006,0.038
8/16/2006,0.038
8/17/2006,0.038
8/18/2006,0.038
8/21/2006,0.038
8/22/2006,0.038
8/23/2006,0.038
8/24/2006,0.038
8/25/2006,0.038
8/28/2006,0.038
8/29/2006,0.038
8/30/2006,0.038
8/31/2006,0.038
9/1/2006,0.021
9/5/2006,0.021
9/6/2006,0.021
9/7/2006,0.021
9/8/2006,0.021
9/11/2006,0.021
9/12/2006,0.021
9/13/2006,0.021
9/14/2006,0.021
9/15/2006,0.021
9/18/2006,0.021
9/19/2006,0.021
9/20/2006,0.021
9/21/2006,0.021
9/22/2006,0.021
9/25/2006,0.021
9/26/2006,0.021
9/27/2006,0.021
9/28/2006,0.021
9/29/2006,0.021
10/2/2006,0.013
10/3/2006,0.013
10/4/2006,0.013
10/5/2006,0.013
10/6/2006,0.013
10/9/2006,0.013
10/10/2006,0.013
10/11/2006,0.013
10/12/2006,0.013
10/13/2006,0.013
10/16/2006,0.013
10/17/2006,0.013
10/18/2006,0.013
10/19/2006,0.013
10/20/2006,0.013
10/23/2006,0.013
10/24/2006,0.013
10/25/2006,0.013
10/26/2006,0.013
10/27/2006,0.013
10/30/2006,0.013
10/31/2006,0.013
11/1/2006,0.020
11/2/2006,0.020
11/3/2006,0.020
11/6/2006,0.020
11/7/2006,0.020
11/8/2006,0.020
11/9/2006,0.020
11/10/2006,0.020
11/13/2006,0.020
11/14/2006,0.020
11/15/2006,0.020
11/16/2006,0.020
11/17/2006,0.020
11/20/2006,0.020
11/21/2006,0.020
11/22/2006,0.020
11/24/2006,0.020
11/27/2006,0.020
11/28/2006,0.020
11/29/2006,0.020
11/30/2006,0.020
12/1/2006,0.025
12/4/2006,0.025
12/5/2006,0.025
12/6/2006,0.025
12/7/2006,0.025
12/8/2006,0.025
12/11/2006,0.025
12/12/2006,0.025
12/13/2006,0.025
12/14/2006,0.025
12/15/2006,0.025
12/18/2006,0.025
12/19/2006,0.025
12/20/2006,0.025
12/21/2006,0.025
12/22/2006,0.025
12/26/2006,0.025
12/27/2006,0.025
12/28/2006,0.025
12/29/2006,0.025
1/3/2007,0.021
1/4/2007,0.021
1/5/2007,0.021
1/8/2007,0.021
1/9/2007,0.021
1/10/2007,0.021
1/11/2007,0.021
1/12/2007,0.021
1/16/2007,0.021
1/17/2007,0.021
1/18/2007,0.021
1/19/2007,0.021
1/22/2007,0.021
1/23/2007,0.021
1/24/2007,0.021
1/25/2007,0.021
1/26/2007,0.021
1/29/2007,0.021
1/30/2007,0.021
1/31/2007,0.021
2/1/2007,0.024
2/2/2007,0.024
2/5/2007,0.024
2/6/2007,0.024
2/7/2007,0.024
2/8/2007,0.024
2/9/2007,0.024
2/12/2007,0.024
2/13/2007,0.024
2/14/2007,0.024
2/15/2007,0.024
2/16/2007,0.024
2/20/2007,0.024
2/21/2007,0.024
2/22/2007,0.024
2/23/2007,0.024
2/26/2007,0.024
2/27/2007,0.024
2/28/2007,0.024
3/1/2007,0.028
3/2/2007,0.028
3/5/2007,0.028
3/6/2007,0.028
3/7/2007,0.028
3/8/2007,0.028
3/9/2007,0.028
3/12/2007,0.028
3/13/2007,0.028
3/14/2007,0.028
3/15/2007,0.028
3/16/2007,0.028
3/19/2007,0.028
3/20/2007,0.028
3/21/2007,0.028
3/22/2007,0.028
3/23/2007,0.028
3/26/2007,0.028
3/27/2007,0.028
3/28/2007,0.028
3/29/2007,0.028
3/30/2007,0.028
4/2/2007,0.026
4/3/2007,0.026
4/4/2007,0.026
4/5/2007,0.026
4/9/2007,0.026
4/10/2007,0.026
4/11/2007,0.026
4/12/2007,0.026
4/13/2007,0.026
4/16/2007,0.026
4/17/2007,0.026
4/18/2007,0.026
4/19/2007,0.026
4/20/2007,0.026
4/23/2007,0.026
4/24/2007,0.026
4/25/2007,0.026
4/26/2007,0.026
4/27/2007,0.026
4/30/2007,0.026
5/1/2007,0.027
5/2/2007,0.027
5/3/2007,0.027
5/4/2007,0.027
5/7/2007,0.027
5/8/2007,0.027
5/9/2007,0.027
5/10/2007,0.027
5/11/2007,0.027
5/14/2007,0.027
5/15/2007,0.027
5/16/2007,0.027
5/17/2007,0.027
5/18/2007,0.027
5/21/2007,0.027
5/22/2007,0.027
5/23/2007,0.027
5/24/2007,0.027
5/25/2007,0.027
5/29/2007,0.027
5/30/2007,0.027
5/31/2007,0.027
6/1/2007,0.027
6/4/2007,0.027
6/5/2007,0.027
6/6/2007,0.027
6/7/2007,0.027
6/8/2007,0.027
6/11/2007,0.027
6/12/2007,0.027
6/13/2007,0.027
6/14/2007,0.027
6/15/2007,0.027
6/18/2007,0.027
6/19/2007,0.027
6/20/2007,0.027
6/21/2007,0.027
6/22/2007,0.027
6/25/2007,0.027
6/26/2007,0.027
6/27/2007,0.027
6/28/2007,0.027
6/29/2007,0.027
7/2/2007,0.024
7/3/2007,0.024
7/5/2007,0.024
7/6/2007,0.024
7/9/2007,0.024
7/10/2007,0.024
7/11/2007,0.024
7/12/2007,0.024
7/13/2007,0.024
7/16/2007,0.024
7/17/2007,0.024
7/18/2007,0.024
7/19/2007,0.024
7/20/2007,0.024
7/23/2007,0.024
7/24/2007,0.024
7/25/2007,0.024
7/26/2007,0.024
7/27/2007,0.024
7/30/2007,0.024
7/31/2007,0.024
8/1/2007,0.020
8/2/2007,0.020
8/3/2007,0.020
8/6/2007,0.020
8/7/2007,0.020
8/8/2007,0.020
8/9/2007,0.020
8/10/2007,0.020
8/13/2007,0.020
8/14/2007,0.020
8/15/2007,0.020
8/16/2007,0.020
8/17/2007,0.020
8/20/2007,0.020
8/21/2007,0.020
8/22/2007,0.020
8/23/2007,0.020
8/24/2007,0.020
8/27/2007,0.020
8/28/2007,0.020
8/29/2007,0.020
8/30/2007,0.020
8/31/2007,0.020
9/4/2007,0.028
9/5/2007,0.028
9/6/2007,0.028
9/7/2007,0.028
9/10/2007,0.028
9/11/2007,0.028
9/12/2007,0.028
9/13/2007,0.028
9/14/2007,0.028
9/17/2007,0.028
9/18/2007,0.028
9/19/2007,0.028
9/20/2007,0.028
9/21/2007,0.028
9/24/2007,0.028
9/25/2007,0.028
9/26/2007,0.028
9/27/2007,0.028
9/28/2007,0.028
10/1/2007,0.035
10/2/2007,0.035
10/3/2007,0.035
10/4/2007,0.035
10/5/2007,0.035
10/8/2007,0.035
10/9/2007,0.035
10/10/2007,0.035
10/11/2007,0.035
10/12/2007,0.035
10/15/2007,0.035
10/16/2007,0.035
10/17/2007,0.035
10/18/2007,0.035
10/19/2007,0.035
10/22/2007,0.035
10/23/2007,0.035
10/24/2007,0.035
10/25/2007,0.035
10/26/2007,0.035
10/29/2007,0.035
10/30/2007,0.035
10/31/2007,0.035
11/1/2007,0.043
11/2/2007,0.043
11/5/2007,0.043
11/6/2007,0.043
11/7/2007,0.043
11/8/2007,0.043
11/9/2007,0.043
11/12/2007,0.043
11/13/2007,0.043
11/14/2007,0.043
11/15/2007,0.043
11/16/2007,0.043
11/19/2007,0.043
11/20/2007,0.043
11/21/2007,0.043
11/23/2007,0.043
11/26/2007,0.043
11/27/2007,0.043
11/28/2007,0.043
11/29/2007,0.043
11/30/2007,0.043
12/3/2007,0.041
12/4/2007,0.041
12/5/2007,0.041
12/6/2007,0.041
12/7/2007,0.041
12/10/2007,0.041
12/11/2007,0.041
12/12/2007,0.041
12/13/2007,0.041
12/14/2007,0.041
12/17/2007,0.041
12/18/2007,0.041
12/19/2007,0.041
12/20/2007,0.041
12/21/2007,0.041
12/24/2007,0.041
12/26/2007,0.041
12/27/2007,0.041
12/28/2007,0.041
12/31/2007,0.041
1/2/2008,0.043
1/3/2008,0.043
1/4/2008,0.043
1/7/2008,0.043
1/8/2008,0.043
1/9/2008,0.043
1/10/2008,0.043
1/11/2008,0.043
1/14/2008,0.043
1/15/2008,0.043
1/16/2008,0.043
1/17/2008,0.043
1/18/2008,0.043
1/22/2008,0.043
1/23/2008,0.043
1/24/2008,0.043
1/25/2008,0.043
1/28/2008,0.043
1/29/2008,0.043
1/30/2008,0.043
1/31/2008,0.043
2/1/2008,0.040
2/4/2008,0.040
2/5/2008,0.040
2/6/2008,0.040
2/7/2008,0.040
2/8/2008,0.040
2/11/2008,0.040
2/12/2008,0.040
2/13/2008,0.040
2/14/2008,0.040
2/15/2008,0.040
2/19/2008,0.040
2/20/2008,0.040
2/21/2008,0.040
2/22/2008,0.040
2/25/2008,0.040
2/26/2008,0.040
2/27/2008,0.040
2/28/2008,0.040
2/29/2008,0.040
3/3/2008,0.040
3/4/2008,0.040
3/5/2008,0.040
3/6/2008,0.040
3/7/2008,0.040
3/10/2008,0.040
3/11/2008,0.040
3/12/2008,0.040
3/13/2008,0.040
3/14/2008,0.040
3/17/2008,0.040
3/18/2008,0.040
3/19/2008,0.040
3/20/2008,0.040
3/24/2008,0.040
3/25/2008,0.040
3/26/2008,0.040
3/27/2008,0.040
3/28/2008,0.040
3/31/2008,0.040
4/1/2008,0.039
4/2/2008,0.039
4/3/2008,0.039
4/4/2008,0.039
4/7/2008,0.039
4/8/2008,0.039
4/9/2008,0.039
4/10/2008,0.039
4/11/2008,0.039
4/14/2008,0.039
4/15/2008,0.039
4/16/2008,0.039
4/17/2008,0.039
4/18/2008,0.039
4/21/2008,0.039
4/22/2008,0.039
4/23/2008,0.039
4/24/2008,0.039
4/25/2008,0.039
4/28/2008,0.039
4/29/2008,0.039
4/30/2008,0.039
5/1/2008,0.042
5/2/2008,0.042
5/5/2008,0.042
5/6/2008,0.042
5/7/2008,0.042
5/8/2008,0.042
5/9/2008,0.042
5/12/2008,0.042
5/13/2008,0.042
5/14/2008,0.042
5/15/2008,0.042
5/16/2008,0.042
5/19/2008,0.042
5/20/2008,0.042
5/21/2008,0.042
5/22/2008,0.042
5/23/2008,0.042
5/27/2008,0.042
5/28/2008,0.042
5/29/2008,0.042
5/30/2008,0.042
6/2/2008,0.050
6/3/2008,0.050
6/4/2008,0.050
6/5/2008,0.050
6/6/2008,0.050
6/9/2008,0.050
6/10/2008,0.050
6/11/2008,0.050
6/12/2008,0.050
6/13/2008,0.050
6/16/2008,0.050
6/17/2008,0.050
6/18/2008,0.050
6/19/2008,0.050
6/20/2008,0.050
6/23/2008,0.050
6/24/2008,0.050
6/25/2008,0.050
6/26/2008,0.050
6/27/2008,0.050
6/30/2008,0.050
7/1/2008,0.056
7/2/2008,0.056
7/3/2008,0.056
7/7/2008,0.056
7/8/2008,0.056
7/9/2008,0.056
7/10/2008,0.056
7/11/2008,0.056
7/14/2008,0.056
7/15/2008,0.056
7/16/2008,0.056
7/17/2008,0.056
7/18/2008,0.056
7/21/2008,0.056
7/22/2008,0.056
7/23/2008,0.056
7/24/2008,0.056
7/25/2008,0.056
7/28/2008,0.056
7/29/2008,0.056
7/30/2008,0.056
7/31/2008,0.056
8/1/2008,0.054
8/4/2008,0.054
8/5/2008,0.054
8/6/2008,0.054
8/7/2008,0.054
8/8/2008,0.054
8/11/2008,0.054
8/12/2008,0.054
8/13/2008,0.054
8/14/2008,0.054
8/15/2008,0.054
8/18/2008,0.054
8/19/2008,0.054
8/20/2008,0.054
8/21/2008,0.054
8/22/2008,0.054
8/25/2008,0.054
8/26/2008,0.054
8/27/2008,0.054
8/28/2008,0.054
8/29/2008,0.054
9/2/2008,0.049
9/3/2008,0.049
9/4/2008,0.049
9/5/2008,0.049
9/8/2008,0.049
9/9/2008,0.049
9/10/2008,0.049
9/11/2008,0.049
9/12/2008,0.049
9/15/2008,0.049
9/16/2008,0.049
9/17/2008,0.049
9/18/2008,0.049
9/19/2008,0.049
9/22/2008,0.049
9/23/2008,0.049
9/24/2008,0.049
9/25/2008,0.049
9/26/2008,0.049
9/29/2008,0.049
9/30/2008,0.049
10/1/2008,0.037
10/2/2008,0.037
10/3/2008,0.037
10/6/2008,0.037
10/7/2008,0.037
10/8/2008,0.037
10/9/2008,0.037
10/10/2008,0.037
10/13/2008,0.037
10/14/2008,0.037
10/15/2008,0.037
10/16/2008,0.037
10/17/2008,0.037
10/20/2008,0.037
10/21/2008,0.037
10/22/2008,0.037
10/23/2008,0.037
10/24/2008,0.037
10/27/2008,0.037
10/28/2008,0.037
10/29/2008,0.037
10/30/2008,0.037
10/31/2008,0.037
11/3/2008,0.011
11/4/2008,0.011
11/5/2008,0.011
11/6/2008,0.011
11/7/2008,0.011
11/10/2008,0.011
11/11/2008,0.011
11/12/2008,0.011
11/13/2008,0.011
11/14/2008,0.011
11/17/2008,0.011
11/18/2008,0.011
11/19/2008,0.011
11/20/2008,0.011
11/21/2008,0.011
11/24/2008,0.011
11/25/2008,0.011
11/26/2008,0.011
11/28/2008,0.011
12/1/2008,0.001
12/2/2008,0.001
12/3/2008,0.001
12/4/2008,0.001
12/5/2008,0.001
12/8/2008,0.001
12/9/2008,0.001
12/10/2008,0.001
12/11/2008,0.001
12/12/2008,0.001
12/15/2008,0.001
12/16/2008,0.001
12/17/2008,0.001
12/18/2008,0.001
12/19/2008,0.001
12/22/2008,0.001
12/23/2008,0.001
12/24/2008,0.001
12/26/2008,0.001
12/29/2008,0.001
12/30/2008,0.001
12/31/2008,0.001
1/2/2009,0.000
1/5/2009,0.000
1/6/2009,0.000
1/7/2009,0.000
1/8/2009,0.000
1/9/2009,0.000
1/12/2009,0.000
1/13/2009,0.000
1/14/2009,0.000
1/15/2009,0.000
1/16/2009,0.000
1/20/2009,0.000
1/21/2009,0.000
1/22/2009,0.000
1/23/2009,0.000
1/26/2009,0.000
1/27/2009,0.000
1/28/2009,0.000
1/29/2009,0.000
1/30/2009,0.000
2/2/2009,0.002
2/3/2009,0.002
2/4/2009,0.002
2/5/2009,0.002
2/6/2009,0.002
2/9/2009,0.002
2/10/2009,0.002
2/11/2009,0.002
2/12/2009,0.002
2/13/2009,0.002
2/17/2009,0.002
2/18/2009,0.002
2/19/2009,0.002
2/20/2009,0.002
2/23/2009,0.002
2/24/2009,0.002
2/25/2009,0.002
2/26/2009,0.002
2/27/2009,0.002
3/2/2009,-0.004
3/3/2009,-0.004
3/4/2009,-0.004
3/5/2009,-0.004
3/6/2009,-0.004
3/9/2009,-0.004
3/10/2009,-0.004
3/11/2009,-0.004
3/12/2009,-0.004
3/13/2009,-0.004
3/16/2009,-0.004
3/17/2009,-0.004
3/18/2009,-0.004
3/19/2009,-0.004
3/20/2009,-0.004
3/23/2009,-0.004
3/24/2009,-0.004
3/25/2009,-0.004
3/26/2009,-0.004
3/27/2009,-0.004
3/30/2009,-0.004
3/31/2009,-0.004
4/1/2009,-0.007
4/2/2009,-0.007
4/3/2009,-0.007
4/6/2009,-0.007
4/7/2009,-0.007
4/8/2009,-0.007
4/9/2009,-0.007
4/13/2009,-0.007
4/14/2009,-0.007
4/15/2009,-0.007
4/16/2009,-0.007
4/17/2009,-0.007
4/20/2009,-0.007
4/21/2009,-0.007
4/22/2009,-0.007
4/23/2009,-0.007
4/24/2009,-0.007
4/27/2009,-0.007
4/28/2009,-0.007
4/29/2009,-0.007
4/30/2009,-0.007
5/1/2009,-0.013
5/4/2009,-0.013
5/5/2009,-0.013
5/6/2009,-0.013
5/7/2009,-0.013
5/8/2009,-0.013
5/11/2009,-0.013
5/12/2009,-0.013
5/13/2009,-0.013
5/14/2009,-0.013
5/15/2009,-0.013
5/18/2009,-0.013
5/19/2009,-0.013
5/20/2009,-0.013
5/21/2009,-0.013
5/22/2009,-0.013
5/26/2009,-0.013
5/27/2009,-0.013
5/28/2009,-0.013
5/29/2009,-0.013
6/1/2009,-0.014
6/2/2009,-0.014
6/3/2009,-0.014
6/4/2009,-0.014
6/5/2009,-0.014
6/8/2009,-0.014
6/9/2009,-0.014
6/10/2009,-0.014
6/11/2009,-0.014
6/12/2009,-0.014
6/15/2009,-0.014
6/16/2009,-0.014
6/17/2009,-0.014
6/18/2009,-0.014
6/19/2009,-0.014
6/22/2009,-0.014
6/23/2009,-0.014
6/24/2009,-0.014
6/25/2009,-0.014
6/26/2009,-0.014
6/29/2009,-0.014
6/30/2009,-0.014
7/1/2009,-0.021
7/2/2009,-0.021
7/6/2009,-0.021
7/7/2009,-0.021
7/8/2009,-0.021
7/9/2009,-0.021
7/10/2009,-0.021
7/13/2009,-0.021
7/14/2009,-0.021
7/15/2009,-0.021
7/16/2009,-0.021
7/17/2009,-0.021
7/20/2009,-0.021
7/21/2009,-0.021
7/22/2009,-0.021
7/23/2009,-0.021
7/24/2009,-0.021
7/27/2009,-0.021
7/28/2009,-0.021
7/29/2009,-0.021
7/30/2009,-0.021
7/31/2009,-0.021
8/3/2009,-0.015
8/4/2009,-0.015
8/5/2009,-0.015
8/6/2009,-0.015
8/7/2009,-0.015
8/10/2009,-0.015
8/11/2009,-0.015
8/12/2009,-0.015
8/13/2009,-0.015
8/14/2009,-0.015
8/17/2009,-0.015
8/18/2009,-0.015
8/19/2009,-0.015
8/20/2009,-0.015
8/21/2009,-0.015
8/24/2009,-0.015
8/25/2009,-0.015
8/26/2009,-0.015
8/27/2009,-0.015
8/28/2009,-0.015
8/31/2009,-0.015
9/1/2009,-0.013
9/2/2009,-0.013
9/3/2009,-0.013
9/4/2009,-0.013
9/8/2009,-0.013
9/9/2009,-0.013
9/10/2009,-0.013
9/11/2009,-0.013
9/14/2009,-0.013
9/15/2009,-0.013
9/16/2009,-0.013
9/17/2009,-0.013
9/18/2009,-0.013
9/21/2009,-0.013
9/22/2009,-0.013
9/23/2009,-0.013
9/24/2009,-0.013
9/25/2009,-0.013
9/28/2009,-0.013
9/29/2009,-0.013
9/30/2009,-0.013
10/1/2009,-0.002
10/2/2009,-0.002
10/5/2009,-0.002
10/6/2009,-0.002
10/7/2009,-0.002
10/8/2009,-0.002
10/9/2009,-0.002
10/12/2009,-0.002
10/13/2009,-0.002
10/14/2009,-0.002
10/15/2009,-0.002
10/16/2009,-0.002
10/19/2009,-0.002
10/20/2009,-0.002
10/21/2009,-0.002
10/22/2009,-0.002
10/23/2009,-0.002
10/26/2009,-0.002
10/27/2009,-0.002
10/28/2009,-0.002
10/29/2009,-0.002
10/30/2009,-0.002
11/2/2009,0.018
11/3/2009,0.018
11/4/2009,0.018
11/5/2009,0.018
11/6/2009,0.018
11/9/2009,0.018
11/10/2009,0.018
11/11/2009,0.018
11/12/2009,0.018
11/13/2009,0.018
11/16/2009,0.018
11/17/2009,0.018
11/18/2009,0.018
11/19/2009,0.018
11/20/2009,0.018
11/23/2009,0.018
11/24/2009,0.018
11/25/2009,0.018
11/27/2009,0.018
11/30/2009,0.018
12/1/2009,0.027
12/2/2009,0.027
12/3/2009,0.027
12/4/2009,0.027
12/7/2009,0.027
12/8/2009,0.027
12/9/2009,0.027
12/10/2009,0.027
12/11/2009,0.027
12/14/2009,0.027
12/15/2009,0.027
12/16/2009,0.027
12/17/2009,0.027
12/18/2009,0.027
12/21/2009,0.027
12/22/2009,0.027
12/23/2009,0.027
12/24/2009,0.027
12/28/2009,0.027
12/29/2009,0.027
12/30/2009,0.027
12/31/2009,0.027
1/4/2010,0.026
1/5/2010,0.026
1/6/2010,0.026
1/7/2010,0.026
1/8/2010,0.026
1/11/2010,0.026
1/12/2010,0.026
1/13/2010,0.026
1/14/2010,0.026
1/15/2010,0.026
1/19/2010,0.026
1/20/2010,0.026
1/21/2010,0.026
1/22/2010,0.026
1/25/2010,0.026
1/26/2010,0.026
1/27/2010,0.026
1/28/2010,0.026
1/29/2010,0.026
2/1/2010,0.021
2/2/2010,0.021
2/3/2010,0.021
2/4/2010,0.021
2/5/2010,0.021
2/8/2010,0.021
2/9/2010,0.021
2/10/2010,0.021
2/11/2010,0.021
2/12/2010,0.021
2/16/2010,0.021
2/17/2010,0.021
2/18/2010,0.021
2/19/2010,0.021
2/22/2010,0.021
2/23/2010,0.021
2/24/2010,0.021
2/25/2010,0.021
2/26/2010,0.021
3/1/2010,0.023
3/2/2010,0.023
3/3/2010,0.023
3/4/2010,0.023
3/5/2010,0.023
3/8/2010,0.023
3/9/2010,0.023
3/10/2010,0.023
3/11/2010,0.023
3/12/2010,0.023
3/15/2010,0.023
3/16/2010,0.023
3/17/2010,0.023
3/18/2010,0.023
3/19/2010,0.023
3/22/2010,0.023
3/23/2010,0.023
3/24/2010,0.023
3/25/2010,0.023
3/26/2010,0.023
3/29/2010,0.023
3/30/2010,0.023
3/31/2010,0.023
4/1/2010,0.022
4/5/2010,0.022
4/6/2010,0.022
4/7/2010,0.022
4/8/2010,0.022
4/9/2010,0.022
4/12/2010,0.022
4/13/2010,0.022
4/14/2010,0.022
4/15/2010,0.022
4/16/2010,0.022
4/19/2010,0.022
4/20/2010,0.022
4/21/2010,0.022
4/22/2010,0.022
4/23/2010,0.022
4/26/2010,0.022
4/27/2010,0.022
4/28/2010,0.022
4/29/2010,0.022
4/30/2010,0.022
5/3/2010,0.020
5/4/2010,0.020
5/5/2010,0.020
5/6/2010,0.020
5/7/2010,0.020
5/10/2010,0.020
5/11/2010,0.020
5/12/2010,0.020
5/13/2010,0.020
5/14/2010,0.020
5/17/2010,0.020
5/18/2010,0.020
5/19/2010,0.020
5/20/2010,0.020
5/21/2010,0.020
5/24/2010,0.020
5/25/2010,0.020
5/26/2010,0.020
5/27/2010,0.020
5/28/2010,0.020
6/1/2010,0.011
6/2/2010,0.011
6/3/2010,0.011
6/4/2010,0.011
6/7/2010,0.011
6/8/2010,0.011
6/9/2010,0.011
6/10/2010,0.011
6/11/2010,0.011
6/14/2010,0.011
6/15/2010,0.011
6/16/2010,0.011
6/17/2010,0.011
6/18/2010,0.011
6/21/2010,0.011
6/22/2010,0.011
6/23/2010,0.011
6/24/2010,0.011
6/25/2010,0.011
6/28/2010,0.011
6/29/2010,0.011
6/30/2010,0.011
7/1/2010,0.012
7/2/2010,0.012
7/6/2010,0.012
7/7/2010,0.012
7/8/2010,0.012
7/9/2010,0.012
7/12/2010,0.012
7/13/2010,0.012
7/14/2010,0.012
7/15/2010,0.012
7/16/2010,0.012
7/19/2010,0.012
7/20/2010,0.012
7/21/2010,0.012
7/22/2010,0.012
7/23/2010,0.012
7/26/2010,0.012
7/27/2010,0.012
7/28/2010,0.012
7/29/2010,0.012
7/30/2010,0.012
8/2/2010,0.011
8/3/2010,0.011
8/4/2010,0.011
8/5/2010,0.011
8/6/2010,0.011
8/9/2010,0.011
8/10/2010,0.011
8/11/2010,0.011
8/12/2010,0.011
8/13/2010,0.011
8/16/2010,0.011
8/17/2010,0.011
8/18/2010,0.011
8/19/2010,0.011
8/20/2010,0.011
8/23/2010,0.011
8/24/2010,0.011
8/25/2010,0.011
8/26/2010,0.011
8/27/2010,0.011
8/30/2010,0.011
8/31/2010,0.011
9/1/2010,0.011
9/2/2010,0.011
9/3/2010,0.011
9/7/2010,0.011
9/8/2010,0.011
9/9/2010,0.011
9/10/2010,0.011
9/13/2010,0.011
9/14/2010,0.011
9/15/2010,0.011
9/16/2010,0.011
9/17/2010,0.011
9/20/2010,0.011
9/21/2010,0.011
9/22/2010,0.011
9/23/2010,0.011
9/24/2010,0.011
9/27/2010,0.011
9/28/2010,0.011
9/29/2010,0.011
9/30/2010,0.011
10/1/2010,0.012
10/4/2010,0.012
10/5/2010,0.012
10/6/2010,0.012
10/7/2010,0.012
10/8/2010,0.012
10/11/2010,0.012
10/12/2010,0.012
10/13/2010,0.012
10/14/2010,0.012
10/15/2010,0.012
10/18/2010,0.012
10/19/2010,0.012
10/20/2010,0.012
10/21/2010,0.012
10/22/2010,0.012
10/25/2010,0.012
10/26/2010,0.012
10/27/2010,0.012
10/28/2010,0.012
10/29/2010,0.012
11/1/2010,0.011
11/2/2010,0.011
11/3/2010,0.011
11/4/2010,0.011
11/5/2010,0.011
11/8/2010,0.011
11/9/2010,0.011
11/10/2010,0.011
11/11/2010,0.011
11/12/2010,0.011
11/15/2010,0.011
11/16/2010,0.011
11/17/2010,0.011
11/18/2010,0.011
11/19/2010,0.011
11/22/2010,0.011
11/23/2010,0.011
11/24/2010,0.011
11/26/2010,0.011
11/29/2010,0.011
11/30/2010,0.011
12/1/2010,0.015
12/2/2010,0.015
12/3/2010,0.015
12/6/2010,0.015
12/7/2010,0.015
12/8/2010,0.015
12/9/2010,0.015
12/10/2010,0.015
12/13/2010,0.015
12/14/2010,0.015
12/15/2010,0.015
12/16/2010,0.015
12/17/2010,0.015
12/20/2010,0.015
12/21/2010,0.015
12/22/2010,0.015
12/23/2010,0.015
12/27/2010,0.015
12/28/2010,0.015
12/29/2010,0.015
12/30/2010,0.015
12/31/2010,0.015
1/3/2011,0.016
1/4/2011,0.016
1/5/2011,0.016
1/6/2011,0.016
1/7/2011,0.016
1/10/2011,0.016
1/11/2011,0.016
1/12/2011,0.016
1/13/2011,0.016
1/14/2011,0.016
1/18/2011,0.016
1/19/2011,0.016
1/20/2011,0.016
1/21/2011,0.016
1/24/2011,0.016
1/25/2011,0.016
1/26/2011,0.016
1/27/2011,0.016
1/28/2011,0.016
1/31/2011,0.016
2/1/2011,0.021
2/2/2011,0.021
2/3/2011,0.021
2/4/2011,0.021
2/7/2011,0.021
2/8/2011,0.021
2/9/2011,0.021
2/10/2011,0.021
2/11/2011,0.021
2/14/2011,0.021
2/15/2011,0.021
2/16/2011,0.021
2/17/2011,0.021
2/18/2011,0.021
2/22/2011,0.021
2/23/2011,0.021
2/24/2011,0.021
2/25/2011,0.021
2/28/2011,0.021
3/1/2011,0.027
3/2/2011,0.027
3/3/2011,0.027
3/4/2011,0.027
3/7/2011,0.027
3/8/2011,0.027
3/9/2011,0.027
3/10/2011,0.027
3/11/2011,0.027
3/14/2011,0.027
3/15/2011,0.027
3/16/2011,0.027
3/17/2011,0.027
3/18/2011,0.027
3/21/2011,0.027
3/22/2011,0.027
3/23/2011,0.027
3/24/2011,0.027
3/25/2011,0.027
3/28/2011,0.027
3/29/2011,0.027
3/30/2011,0.027
3/31/2011,0.027
4/1/2011,0.032
4/4/2011,0.032
4/5/2011,0.032
4/6/2011,0.032
4/7/2011,0.032
4/8/2011,0.032
4/11/2011,0.032
4/12/2011,0.032
4/13/2011,0.032
4/14/2011,0.032
4/15/2011,0.032
4/18/2011,0.032
4/19/2011,0.032
4/20/2011,0.032
4/21/2011,0.032
4/25/2011,0.032
4/26/2011,0.032
4/27/2011,0.032
4/28/2011,0.032
4/29/2011,0.032
5/2/2011,0.036
5/3/2011,0.036
5/4/2011,0.036
5/5/2011,0.036
5/6/2011,0.036
5/9/2011,0.036
5/10/2011,0.036
5/11/2011,0.036
5/12/2011,0.036
5/13/2011,0.036
5/16/2011,0.036
5/17/2011,0.036
5/18/2011,0.036
5/19/2011,0.036
5/20/2011,0.036
5/23/2011,0.036
5/24/2011,0.036
5/25/2011,0.036
5/26/2011,0.036
5/27/2011,0.036
5/31/2011,0.036
6/1/2011,0.036
6/2/2011,0.036
6/3/2011,0.036
6/6/2011,0.036
6/7/2011,0.036
6/8/2011,0.036
6/9/2011,0.036
6/10/2011,0.036
6/13/2011,0.036
6/14/2011,0.036
6/15/2011,0.036
6/16/2011,0.036
6/17/2011,0.036
6/20/2011,0.036
6/21/2011,0.036
6/22/2011,0.036
6/23/2011,0.036
6/24/2011,0.036
6/27/2011,0.036
6/28/2011,0.036
6/29/2011,0.036
6/30/2011,0.036
7/1/2011,0.036
7/5/2011,0.036
7/6/2011,0.036
7/7/2011,0.036
7/8/2011,0.036
7/11/2011,0.036
7/12/2011,0.036
7/13/2011,0.036
7/14/2011,0.036
7/15/2011,0.036
7/18/2011,0.036
7/19/2011,0.036
7/20/2011,0.036
7/21/2011,0.036
7/22/2011,0.036
7/25/2011,0.036
7/26/2011,0.036
7/27/2011,0.036
7/28/2011,0.036
7/29/2011,0.036
8/1/2011,0.038
8/2/2011,0.038
8/3/2011,0.038
8/4/2011,0.038
8/5/2011,0.038
8/8/2011,0.038
8/9/2011,0.038
8/10/2011,0.038
8/11/2011,0.038
8/12/2011,0.038
8/15/2011,0.038
8/16/2011,0.038
8/17/2011,0.038
8/18/2011,0.038
8/19/2011,0.038
8/22/2011,0.038
8/23/2011,0.038
8/24/2011,0.038
8/25/2011,0.038
8/26/2011,0.038
8/29/2011,0.038
8/30/2011,0.038
8/31/2011,0.038
9/1/2011,0.039
9/2/2011,0.039
9/6/2011,0.039
9/7/2011,0.039
9/8/2011,0.039
9/9/2011,0.039
9/12/2011,0.039
9/13/2011,0.039
9/14/2011,0.039
9/15/2011,0.039
9/16/2011,0.039
9/19/2011,0.039
9/20/2011,0.039
9/21/2011,0.039
9/22/2011,0.039
9/23/2011,0.039
9/26/2011,0.039
9/27/2011,0.039
9/28/2011,0.039
9/29/2011,0.039
9/30/2011,0.039
10/3/2011,0.035
10/4/2011,0.035
10/5/2011,0.035
10/6/2011,0.035
10/7/2011,0.035
10/10/2011,0.035
10/11/2011,0.035
10/12/2011,0.035
10/13/2011,0.035
10/14/2011,0.035
10/17/2011,0.035
10/18/2011,0.035
10/19/2011,0.035
10/20/2011,0.035
10/21/2011,0.035
10/24/2011,0.035
10/25/2011,0.035
10/26/2011,0.035
10/27/2011,0.035
10/28/2011,0.035
10/31/2011,0.035
11/1/2011,0.034
11/2/2011,0.034
11/3/2011,0.034
11/4/2011,0.034
11/7/2011,0.034
11/8/2011,0.034
11/9/2011,0.034
11/10/2011,0.034
11/11/2011,0.034
11/14/2011,0.034
11/15/2011,0.034
11/16/2011,0.034
11/17/2011,0.034
11/18/2011,0.034
11/21/2011,0.034
11/22/2011,0.034
11/23/2011,0.034
11/25/2011,0.034
11/28/2011,0.034
11/29/2011,0.034
11/30/2011,0.034
12/1/2011,0.030
12/2/2011,0.030
12/5/2011,0.030
12/6/2011,0.030
12/7/2011,0.030
12/8/2011,0.030
12/9/2011,0.030
12/12/2011,0.030
12/13/2011,0.030
12/14/2011,0.030
12/15/2011,0.030
12/16/2011,0.030
12/19/2011,0.030
12/20/2011,0.030
12/21/2011,0.030
12/22/2011,0.030
12/23/2011,0.030
12/27/2011,0.030
12/28/2011,0.030
12/29/2011,0.030
12/30/2011,0.030
1/3/2012,0.029
1/4/2012,0.029
1/5/2012,0.029
1/6/2012,0.029
1/9/2012,0.029
1/10/2012,0.029
1/11/2012,0.029
1/12/2012,0.029
1/13/2012,0.029
1/17/2012,0.029
1/18/2012,0.029
1/19/2012,0.029
1/20/2012,0.029
1/23/2012,0.029
1/24/2012,0.029
1/25/2012,0.029
1/26/2012,0.029
1/27/2012,0.029
1/30/2012,0.029
1/31/2012,0.029
2/1/2012,0.029
2/2/2012,0.029
2/3/2012,0.029
2/6/2012,0.029
2/7/2012,0.029
2/8/2012,0.029
2/9/2012,0.029
2/10/2012,0.029
2/13/2012,0.029
2/14/2012,0.029
2/15/2012,0.029
2/16/2012,0.029
2/17/2012,0.029
2/21/2012,0.029
2/22/2012,0.029
2/23/2012,0.029
2/24/2012,0.029
2/27/2012,0.029
2/28/2012,0.029
2/29/2012,0.029
3/1/2012,0.027
3/2/2012,0.027
3/5/2012,0.027
3/6/2012,0.027
3/7/2012,0.027
3/8/2012,0.027
3/9/2012,0.027
3/12/2012,0.027
3/13/2012,0.027
3/14/2012,0.027
3/15/2012,0.027
3/16/2012,0.027
3/19/2012,0.027
3/20/2012,0.027
3/21/2012,0.027
3/22/2012,0.027
3/23/2012,0.027
3/26/2012,0.027
3/27/2012,0.027
3/28/2012,0.027
3/29/2012,0.027
3/30/2012,0.027
4/2/2012,0.023
4/3/2012,0.023
4/4/2012,0.023
4/5/2012,0.023
4/9/2012,0.023
4/10/2012,0.023
4/11/2012,0.023
4/12/2012,0.023
4/13/2012,0.023
4/16/2012,0.023
4/17/2012,0.023
4/18/2012,0.023
4/19/2012,0.023
4/20/2012,0.023
4/23/2012,0.023
4/24/2012,0.023
4/25/2012,0.023
4/26/2012,0.023
4/27/2012,0.023
4/30/2012,0.023
5/1/2012,0.017
5/2/2012,0.017
5/3/2012,0.017
5/4/2012,0.017
5/7/2012,0.017
5/8/2012,0.017
5/9/2012,0.017
5/10/2012,0.017
5/11/2012,0.017
5/14/2012,0.017
5/15/2012,0.017
5/16/2012,0.017
5/17/2012,0.017
5/18/2012,0.017
5/21/2012,0.017
5/22/2012,0.017
5/23/2012,0.017
5/24/2012,0.017
5/25/2012,0.017
5/29/2012,0.017
5/30/2012,0.017
5/31/2012,0.017
6/1/2012,0.017
6/4/2012,0.017
6/5/2012,0.017
6/6/2012,0.017
6/7/2012,0.017
6/8/2012,0.017
6/11/2012,0.017
6/12/2012,0.017
6/13/2012,0.017
6/14/2012,0.017
6/15/2012,0.017
6/18/2012,0.017
6/19/2012,0.017
6/20/2012,0.017
6/21/2012,0.017
6/22/2012,0.017
6/25/2012,0.017
6/26/2012,0.017
6/27/2012,0.017
6/28/2012,0.017
6/29/2012,0.017
7/2/2012,0.014
7/3/2012,0.014
7/5/2012,0.014
7/6/2012,0.014
7/9/2012,0.014
7/10/2012,0.014
7/11/2012,0.014
7/12/2012,0.014
7/13/2012,0.014
7/16/2012,0.014
7/17/2012,0.014
7/18/2012,0.014
7/19/2012,0.014
7/20/2012,0.014
7/23/2012,0.014
7/24/2012,0.014
7/25/2012,0.014
7/26/2012,0.014
7/27/2012,0.014
7/30/2012,0.014
7/31/2012,0.014
8/1/2012,0.017
8/2/2012,0.017
8/3/2012,0.017
8/6/2012,0.017
8/7/2012,0.017
8/8/2012,0.017
8/9/2012,0.017
8/10/2012,0.017
8/13/2012,0.017
8/14/2012,0.017
8/15/2012,0.017
8/16/2012,0.017
8/17/2012,0.017
8/20/2012,0.017
8/21/2012,0.017
8/22/2012,0.017
8/23/2012,0.017
8/24/2012,0.017
8/27/2012,0.017
8/28/2012,0.017
8/29/2012,0.017
8/30/2012,0.017
8/31/2012,0.017
9/4/2012,0.020
9/5/2012,0.020
9/6/2012,0.020
9/7/2012,0.020
9/10/2012,0.020
9/11/2012,0.020
9/12/2012,0.020
9/13/2012,0.020
9/14/2012,0.020
9/17/2012,0.020
9/18/2012,0.020
9/19/2012,0.020
9/20/2012,0.020
9/21/2012,0.020
9/24/2012,0.020
9/25/2012,0.020
9/26/2012,0.020
9/27/2012,0.020
9/28/2012,0.020
10/1/2012,0.022
10/2/2012,0.022
10/3/2012,0.022
10/4/2012,0.022
10/5/2012,0.022
10/8/2012,0.022
10/9/2012,0.022
10/10/2012,0.022
10/11/2012,0.022
10/12/2012,0.022
10/15/2012,0.022
10/16/2012,0.022
10/17/2012,0.022
10/18/2012,0.022
10/19/2012,0.022
10/22/2012,0.022
10/23/2012,0.022
10/24/2012,0.022
10/25/2012,0.022
10/26/2012,0.022
10/31/2012,0.022
11/1/2012,0.018
11/2/2012,0.018
11/5/2012,0.018
11/6/2012,0.018
11/7/2012,0.018
11/8/2012,0.018
11/9/2012,0.018
11/12/2012,0.018
11/13/2012,0.018
11/14/2012,0.018
11/15/2012,0.018
11/16/2012,0.018
11/19/2012,0.018
11/20/2012,0.018
11/21/2012,0.018
11/23/2012,0.018
11/26/2012,0.018
11/27/2012,0.018
11/28/2012,0.018
11/29/2012,0.018
11/30/2012,0.018
12/3/2012,0.017
12/4/2012,0.017
12/5/2012,0.017
12/6/2012,0.017
12/7/2012,0.017
12/10/2012,0.017
12/11/2012,0.017
12/12/2012,0.017
12/13/2012,0.017
12/14/2012,0.017
12/17/2012,0.017
12/18/2012,0.017
12/19/2012,0.017
12/20/2012,0.017
12/21/2012,0.017
12/24/2012,0.017
12/26/2012,0.017
12/27/2012,0.017
12/28/2012,0.017
12/31/2012,0.017
1/2/2013,0.016
1/3/2013,0.016
1/4/2013,0.016
1/7/2013,0.016
1/8/2013,0.016
1/9/2013,0.016
1/10/2013,0.016
1/11/2013,0.016
1/14/2013,0.016
1/15/2013,0.016
1/16/2013,0.016
1/17/2013,0.016
1/18/2013,0.016
1/22/2013,0.016
1/23/2013,0.016
1/24/2013,0.016
1/25/2013,0.016
1/28/2013,0.016
1/29/2013,0.016
1/30/2013,0.016
1/31/2013,0.016
2/1/2013,0.020
2/4/2013,0.020
2/5/2013,0.020
2/6/2013,0.020
2/7/2013,0.020
2/8/2013,0.020
2/11/2013,0.020
2/12/2013,0.020
2/13/2013,0.020
2/14/2013,0.020
2/15/2013,0.020
2/19/2013,0.020
2/20/2013,0.020
2/21/2013,0.020
2/22/2013,0.020
2/25/2013,0.020
2/26/2013,0.020
2/27/2013,0.020
2/28/2013,0.020
3/1/2013,0.015
3/4/2013,0.015
3/5/2013,0.015
3/6/2013,0.015
3/7/2013,0.015
3/8/2013,0.015
3/11/2013,0.015
3/12/2013,0.015
3/13/2013,0.015
3/14/2013,0.015
3/15/2013,0.015
3/18/2013,0.015
3/19/2013,0.015
3/20/2013,0.015
3/21/2013,0.015
3/22/2013,0.015
3/25/2013,0.015
3/26/2013,0.015
3/27/2013,0.015
3/28/2013,0.015
4/1/2013,0.011
4/2/2013,0.011
4/3/2013,0.011
4/4/2013,0.011
4/5/2013,0.011
4/8/2013,0.011
4/9/2013,0.011
4/10/2013,0.011
4/11/2013,0.011
4/12/2013,0.011
4/15/2013,0.011
4/16/2013,0.011
4/17/2013,0.011
4/18/2013,0.011
4/19/2013,0.011
4/22/2013,0.011
4/23/2013,0.011
4/24/2013,0.011
4/25/2013,0.011
4/26/2013,0.011
4/29/2013,0.011
4/30/2013,0.011
5/1/2013,0.014
5/2/2013,0.014
5/3/2013,0.014
5/6/2013,0.014
5/7/2013,0.014
5/8/2013,0.014
5/9/2013,0.014
5/10/2013,0.014
5/13/2013,0.014
5/14/2013,0.014
5/15/2013,0.014
5/16/2013,0.014
5/17/2013,0.014
5/20/2013,0.014
5/21/2013,0.014
5/22/2013,0.014
5/23/2013,0.014
5/24/2013,0.014
5/28/2013,0.014
5/29/2013,0.014
5/30/2013,0.014
5/31/2013,0.014
6/3/2013,0.018
6/4/2013,0.018
6/5/2013,0.018
6/6/2013,0.018
6/7/2013,0.018
6/10/2013,0.018
6/11/2013,0.018
6/12/2013,0.018
6/13/2013,0.018
6/14/2013,0.018
6/17/2013,0.018
6/18/2013,0.018
6/19/2013,0.018
6/20/2013,0.018
6/21/2013,0.018
6/24/2013,0.018
6/25/2013,0.018
6/26/2013,0.018
6/27/2013,0.018
6/28/2013,0.018
7/1/2013,0.020
7/2/2013,0.020
7/3/2013,0.020
7/5/2013,0.020
7/8/2013,0.020
7/9/2013,0.020
7/10/2013,0.020
7/11/2013,0.020
7/12/2013,0.020
7/15/2013,0.020
7/16/2013,0.020
7/17/2013,0.020
7/18/2013,0.020
7/19/2013,0.020
7/22/2013,0.020
7/23/2013,0.020
7/24/2013,0.020
7/25/2013,0.020
7/26/2013,0.020
7/29/2013,0.020
7/30/2013,0.020
7/31/2013,0.020
8/1/2013,0.015
8/2/2013,0.015
8/5/2013,0.015
8/6/2013,0.015
8/7/2013,0.015
8/8/2013,0.015
8/9/2013,0.015
8/12/2013,0.015
8/13/2013,0.015
8/14/2013,0.015
8/15/2013,0.015
8/16/2013,0.015
8/19/2013,0.015
8/20/2013,0.015
8/21/2013,0.015
8/22/2013,0.015
8/23/2013,0.015
8/26/2013,0.015
8/27/2013,0.015
8/28/2013,0.015
8/29/2013,0.015
8/30/2013,0.015
9/3/2013,0.012
9/4/2013,0.012
9/5/2013,0.012
9/6/2013,0.012
9/9/2013,0.012
9/10/2013,0.012
9/11/2013,0.012
9/12/2013,0.012
9/13/2013,0.012
9/16/2013,0.012
9/17/2013,0.012
9/18/2013,0.012
9/19/2013,0.012
9/20/2013,0.012
9/23/2013,0.012
9/24/2013,0.012
9/25/2013,0.012
9/26/2013,0.012
9/27/2013,0.012
9/30/2013,0.012
10/1/2013,0.010
10/2/2013,0.010
10/3/2013,0.010
10/4/2013,0.010
10/7/2013,0.010
10/8/2013,0.010
10/9/2013,0.010
10/10/2013,0.010
10/11/2013,0.010
10/14/2013,0.010
10/15/2013,0.010
10/16/2013,0.010
10/17/2013,0.010
10/18/2013,0.010
10/21/2013,0.010
10/22/2013,0.010
10/23/2013,0.010
10/24/2013,0.010
10/25/2013,0.010
10/28/2013,0.010
10/29/2013,0.010
10/30/2013,0.010
10/31/2013,0.010
11/1/2013,0.012
11/4/2013,0.012
11/5/2013,0.012
11/6/2013,0.012
11/7/2013,0.012
11/8/2013,0.012
11/11/2013,0.012
11/12/2013,0.012
11/13/2013,0.012
11/14/2013,0.012
11/15/2013,0.012
11/18/2013,0.012
11/19/2013,0.012
11/20/2013,0.012
11/21/2013,0.012
11/22/2013,0.012
11/25/2013,0.012
11/26/2013,0.012
11/27/2013,0.012
11/29/2013,0.012
12/2/2013,0.015
12/3/2013,0.015
12/4/2013,0.015
12/5/2013,0.015
12/6/2013,0.015
12/9/2013,0.015
12/10/2013,0.015
12/11/2013,0.015
12/12/2013,0.015
12/13/2013,0.015
12/16/2013,0.015
12/17/2013,0.015
12/18/2013,0.015
12/19/2013,0.015
12/20/2013,0.015
12/23/2013,0.015
12/24/2013,0.015
12/26/2013,0.015
12/27/2013,0.015
12/30/2013,0.015
12/31/2013,0.015
1/2/2014,0.016
1/3/2014,0.016
1/6/2014,0.016
1/7/2014,0.016
1/8/2014,0.016
1/9/2014,0.016
1/10/2014,0.016
1/13/2014,0.016
1/14/2014,0.016
1/15/2014,0.016
1/16/2014,0.016
1/17/2014,0.016
1/21/2014,0.016
1/22/2014,0.016
1/23/2014,0.016
1/24/2014,0.016
1/27/2014,0.016
1/28/2014,0.016
1/29/2014,0.016
1/30/2014,0.016
1/31/2014,0.016
2/3/2014,0.011
2/4/2014,0.011
2/5/2014,0.011
2/6/2014,0.011
2/7/2014,0.011
2/10/2014,0.011
2/11/2014,0.011
2/12/2014,0.011
2/13/2014,0.011
2/14/2014,0.011
2/18/2014,0.011
2/19/2014,0.011
2/20/2014,0.011
2/21/2014,0.011
2/24/2014,0.011
2/25/2014,0.011
2/26/2014,0.011
2/27/2014,0.011
2/28/2014,0.011
3/3/2014,0.015
3/4/2014,0.015
3/5/2014,0.015
3/6/2014,0.015
3/7/2014,0.015
3/10/2014,0.015
3/11/2014,0.015
3/12/2014,0.015
3/13/2014,0.015
3/14/2014,0.015
3/17/2014,0.015
3/18/2014,0.015
3/19/2014,0.015
3/20/2014,0.015
3/21/2014,0.015
3/24/2014,0.015
3/25/2014,0.015
3/26/2014,0.015
3/27/2014,0.015
3/28/2014,0.015
3/31/2014,0.015
4/1/2014,0.020
4/2/2014,0.020
4/3/2014,0.020
4/4/2014,0.020
4/7/2014,0.020
4/8/2014,0.020
4/9/2014,0.020
4/10/2014,0.020
4/11/2014,0.020
4/14/2014,0.020
4/15/2014,0.020
4/16/2014,0.020
4/17/2014,0.020
4/21/2014,0.020
4/22/2014,0.020
4/23/2014,0.020
4/24/2014,0.020
4/25/2014,0.020
4/28/2014,0.020
4/29/2014,0.020
4/30/2014,0.020
5/1/2014,0.021
5/2/2014,0.021
5/5/2014,0.021
5/6/2014,0.021
5/7/2014,0.021
5/8/2014,0.021
5/9/2014,0.021
5/12/2014,0.021
5/13/2014,0.021
5/14/2014,0.021
5/15/2014,0.021
5/16/2014,0.021
5/19/2014,0.021
5/20/2014,0.021
5/21/2014,0.021
5/22/2014,0.021
5/23/2014,0.021
5/27/2014,0.021
5/28/2014,0.021
5/29/2014,0.021
5/30/2014,0.021
6/2/2014,0.021
6/3/2014,0.021
6/4/2014,0.021
6/5/2014,0.021
6/6/2014,0.021
6/9/2014,0.021
6/10/2014,0.021
6/11/2014,0.021
6/12/2014,0.021
6/13/2014,0.021
6/16/2014,0.021
6/17/2014,0.021
6/18/2014,0.021
6/19/2014,0.021
6/20/2014,0.021
6/23/2014,0.021
6/24/2014,0.021
6/25/2014,0.021
6/26/2014,0.021
6/27/2014,0.021
6/30/2014,0.021
7/1/2014,0.020
7/2/2014,0.020
7/3/2014,0.020
7/7/2014,0.020
7/8/2014,0.020
7/9/2014,0.020
7/10/2014,0.020
7/11/2014,0.020
7/14/2014,0.020
7/15/2014,0.020
7/16/2014,0.020
7/17/2014,0.020
7/18/2014,0.020
7/21/2014,0.020
7/22/2014,0.020
7/23/2014,0.020
7/24/2014,0.020
7/25/2014,0.020
7/28/2014,0.020
7/29/2014,0.020
7/30/2014,0.020
7/31/2014,0.020
8/1/2014,0.017
8/4/2014,0.017
8/5/2014,0.017
8/6/2014,0.017
8/7/2014,0.017
8/8/2014,0.017
8/11/2014,0.017
8/12/2014,0.017
8/13/2014,0.017
8/14/2014,0.017
8/15/2014,0.017
8/18/2014,0.017
8/19/2014,0.017
8/20/2014,0.017
8/21/2014,0.017
8/22/2014,0.017
8/25/2014,0.017
8/26/2014,0.017
8/27/2014,0.017
8/28/2014,0.017
8/29/2014,0.017
9/2/2014,0.017
9/3/2014,0.017
9/4/2014,0.017
9/5/2014,0.017
9/8/2014,0.017
9/9/2014,0.017
9/10/2014,0.017
9/11/2014,0.017
9/12/2014,0.017
9/15/2014,0.017
9/16/2014,0.017
9/17/2014,0.017
9/18/2014,0.017
9/19/2014,0.017
9/22/2014,0.017
9/23/2014,0.017
9/24/2014,0.017
9/25/2014,0.017
9/26/2014,0.017
9/29/2014,0.017
9/30/2014,0.017
10/1/2014,0.017
10/2/2014,0.017
10/3/2014,0.017
10/6/2014,0.017
10/7/2014,0.017
10/8/2014,0.017
10/9/2014,0.017
10/10/2014,0.017
10/13/2014,0.017
10/14/2014,0.017
10/15/2014,0.017
10/16/2014,0.017
10/17/2014,0.017
10/20/2014,0.017
10/21/2014,0.017
10/22/2014,0.017
10/23/2014,0.017
10/24/2014,0.017
10/27/2014,0.017
10/28/2014,0.017
10/29/2014,0.017
10/30/2014,0.017
10/31/2014,0.017
11/3/2014,0.013
11/4/2014,0.013
11/5/2014,0.013
11/6/2014,0.013
11/7/2014,0.013
11/10/2014,0.013
11/11/2014,0.013
11/12/2014,0.013
11/13/2014,0.013
11/14/2014,0.013
11/17/2014,0.013
11/18/2014,0.013
11/19/2014,0.013
11/20/2014,0.013
11/21/2014,0.013
11/24/2014,0.013
11/25/2014,0.013
11/26/2014,0.013
11/28/2014,0.013
12/1/2014,0.008
12/2/2014,0.008
12/3/2014,0.008
12/4/2014,0.008
12/5/2014,0.008
12/8/2014,0.008
12/9/2014,0.008
12/10/2014,0.008
12/11/2014,0.008
12/12/2014,0.008
12/15/2014,0.008
12/16/2014,0.008
12/17/2014,0.008
12/18/2014,0.008
12/19/2014,0.008
12/22/2014,0.008
12/23/2014,0.008
12/24/2014,0.008
12/26/2014,0.008
12/29/2014,0.008
12/30/2014,0.008
12/31/2014,0.008
1/2/2015,-0.001
1/5/2015,-0.001
1/6/2015,-0.001
1/7/2015,-0.001
1/8/2015,-0.001
1/9/2015,-0.001
1/12/2015,-0.001
1/13/2015,-0.001
1/14/2015,-0.001
1/15/2015,-0.001
1/16/2015,-0.001
1/20/2015,-0.001
1/21/2015,-0.001
1/22/2015,-0.001
1/23/2015,-0.001
1/26/2015,-0.001
1/27/2015,-0.001
1/28/2015,-0.001
1/29/2015,-0.001
1/30/2015,-0.001
2/2/2015,0.000
2/3/2015,0.000
2/4/2015,0.000
2/5/2015,0.000
2/6/2015,0.000
2/9/2015,0.000
2/10/2015,0.000
2/11/2015,0.000
2/12/2015,0.000
2/13/2015,0.000
2/17/2015,0.000
2/18/2015,0.000
2/19/2015,0.000
2/20/2015,0.000
2/23/2015,0.000
2/24/2015,0.000
2/25/2015,0.000
2/26/2015,0.000
2/27/2015,0.000
3/2/2015,-0.001
3/3/2015,-0.001
3/4/2015,-0.001
3/5/2015,-0.001
3/6/2015,-0.001
3/9/2015,-0.001
3/10/2015,-0.001
3/11/2015,-0.001
3/12/2015,-0.001
3/13/2015,-0.001
3/16/2015,-0.001
3/17/2015,-0.001
3/18/2015,-0.001
3/19/2015,-0.001
3/20/2015,-0.001
3/23/2015,-0.001
3/24/2015,-0.001
3/25/2015,-0.001
3/26/2015,-0.001
3/27/2015,-0.001
3/30/2015,-0.001
3/31/2015,-0.001
4/1/2015,-0.002
4/2/2015,-0.002
4/6/2015,-0.002
4/7/2015,-0.002
4/8/2015,-0.002
4/9/2015,-0.002
4/10/2015,-0.002
4/13/2015,-0.002
4/14/2015,-0.002
4/15/2015,-0.002
4/16/2015,-0.002
4/17/2015,-0.002
4/20/2015,-0.002
4/21/2015,-0.002
4/22/2015,-0.002
4/23/2015,-0.002
4/24/2015,-0.002
4/27/2015,-0.002
4/28/2015,-0.002
4/29/2015,-0.002
4/30/2015,-0.002
5/1/2015,0.000
5/4/2015,0.000
5/5/2015,0.000
5/6/2015,0.000
5/7/2015,0.000
5/8/2015,0.000
5/11/2015,0.000
5/12/2015,0.000
5/13/2015,0.000
5/14/2015,0.000
5/15/2015,0.000
5/18/2015,0.000
5/19/2015,0.000
5/20/2015,0.000
5/21/2015,0.000
5/22/2015,0.000
5/26/2015,0.000
5/27/2015,0.000
5/28/2015,0.000
5/29/2015,0.000
6/1/2015,0.001
6/2/2015,0.001
6/3/2015,0.001
6/4/2015,0.001
6/5/2015,0.001
6/8/2015,0.001
6/9/2015,0.001
6/10/2015,0.001
6/11/2015,0.001
6/12/2015,0.001
6/15/2015,0.001
6/16/2015,0.001
6/17/2015,0.001
6/18/2015,0.001
6/19/2015,0.001
6/22/2015,0.001
6/23/2015,0.001
6/24/2015,0.001
6/25/2015,0.001
6/26/2015,0.001
6/29/2015,0.001
6/30/2015,0.001
7/1/2015,0.002
7/2/2015,0.002
7/6/2015,0.002
7/7/2015,0.002
7/8/2015,0.002
7/9/2015,0.002
7/10/2015,0.002
7/13/2015,0.002
7/14/2015,0.002
7/15/2015,0.002
7/16/2015,0.002
7/17/2015,0.002
7/20/2015,0.002
7/21/2015,0.002
7/22/2015,0.002
7/23/2015,0.002
7/24/2015,0.002
7/27/2015,0.002
7/28/2015,0.002
7/29/2015,0.002
7/30/2015,0.002
7/31/2015,0.002
8/3/2015,0.002
8/4/2015,0.002
8/5/2015,0.002
8/6/2015,0.002
8/7/2015,0.002
8/10/2015,0.002
8/11/2015,0.002
8/12/2015,0.002
8/13/2015,0.002
8/14/2015,0.002
8/17/2015,0.002
8/18/2015,0.002
8/19/2015,0.002
8/20/2015,0.002
8/21/2015,0.002
8/24/2015,0.002
8/25/2015,0.002
8/26/2015,0.002
8/27/2015,0.002
8/28/2015,0.002
8/31/2015,0.002
9/1/2015,0.000
9/2/2015,0.000
9/3/2015,0.000
9/4/2015,0.000
9/8/2015,0.000
9/9/2015,0.000
9/10/2015,0.000
9/11/2015,0.000
9/14/2015,0.000
9/15/2015,0.000
9/16/2015,0.000
9/17/2015,0.000
9/18/2015,0.000
9/21/2015,0.000
9/22/2015,0.000
9/23/2015,0.000
9/24/2015,0.000
9/25/2015,0.000
9/28/2015,0.000
9/29/2015,0.000
9/30/2015,0.000
10/1/2015,0.002
10/2/2015,0.002
10/5/2015,0.002
10/6/2015,0.002
10/7/2015,0.002
10/8/2015,0.002
10/9/2015,0.002
10/12/2015,0.002
10/13/2015,0.002
10/14/2015,0.002
10/15/2015,0.002
10/16/2015,0.002
10/19/2015,0.002
10/20/2015,0.002
10/21/2015,0.002
10/22/2015,0.002
10/23/2015,0.002
10/26/2015,0.002
10/27/2015,0.002
10/28/2015,0.002
10/29/2015,0.002
10/30/2015,0.002
11/2/2015,0.005
11/3/2015,0.005
11/4/2015,0.005
11/5/2015,0.005
11/6/2015,0.005
11/9/2015,0.005
11/10/2015,0.005
11/11/2015,0.005
11/12/2015,0.005
11/13/2015,0.005
11/16/2015,0.005
11/17/2015,0.005
11/18/2015,0.005
11/19/2015,0.005
11/20/2015,0.005
11/23/2015,0.005
11/24/2015,0.005
11/25/2015,0.005
11/27/2015,0.005
11/30/2015,0.005
12/1/2015,0.007
12/2/2015,0.007
12/3/2015,0.007
12/4/2015,0.007
12/7/2015,0.007
12/8/2015,0.007
12/9/2015,0.007
12/10/2015,0.007
12/11/2015,0.007
12/14/2015,0.007
12/15/2015,0.007
12/16/2015,0.007
12/17/2015,0.007
12/18/2015,0.007
12/21/2015,0.007
12/22/2015,0.007
12/23/2015,0.007
12/24/2015,0.007
12/28/2015,0.007
12/29/2015,0.007
12/30/2015,0.007
12/31/2015,0.007
1/4/2016,0.014
1/5/2016,0.014
1/6/2016,0.014
1/7/2016,0.014
1/8/2016,0.014
1/11/2016,0.014
1/12/2016,0.014
1/13/2016,0.014
1/14/2016,0.014
1/15/2016,0.014
1/19/2016,0.014
1/20/2016,0.014
1/21/2016,0.014
1/22/2016,0.014
1/25/2016,0.014
1/26/2016,0.014
1/27/2016,0.014
1/28/2016,0.014
1/29/2016,0.014
2/1/2016,0.010
2/2/2016,0.010
2/3/2016,0.010
2/4/2016,0.010
2/5/2016,0.010
2/8/2016,0.010
2/9/2016,0.010
2/10/2016,0.010
2/11/2016,0.010
2/12/2016,0.010
2/16/2016,0.010
2/17/2016,0.010
2/18/2016,0.010
2/19/2016,0.010
2/22/2016,0.010
2/23/2016,0.010
2/24/2016,0.010
2/25/2016,0.010
2/26/2016,0.010
2/29/2016,0.010
3/1/2016,0.009
3/2/2016,0.009
3/3/2016,0.009
3/4/2016,0.009
3/7/2016,0.009
3/8/2016,0.009
3/9/2016,0.009
3/10/2016,0.009
3/11/2016,0.009
3/14/2016,0.009
3/15/2016,0.009
3/16/2016,0.009
3/17/2016,0.009
3/18/2016,0.009
3/21/2016,0.009
3/22/2016,0.009
3/23/2016,0.009
3/24/2016,0.009
3/28/2016,0.009
3/29/2016,0.009
3/30/2016,0.009
3/31/2016,0.009
4/1/2016,0.011
4/4/2016,0.011
4/5/2016,0.011
4/6/2016,0.011
4/7/2016,0.011
4/8/2016,0.011
4/11/2016,0.011
4/12/2016,0.011
4/13/2016,0.011
4/14/2016,0.011
4/15/2016,0.011
4/18/2016,0.011
4/19/2016,0.011
4/20/2016,0.011
4/21/2016,0.011
4/22/2016,0.011
4/25/2016,0.011
4/26/2016,0.011
4/27/2016,0.011
4/28/2016,0.011
4/29/2016,0.011
5/2/2016,0.010
5/3/2016,0.010
5/4/2016,0.010
5/5/2016,0.010
5/6/2016,0.010
5/9/2016,0.010
5/10/2016,0.010
5/11/2016,0.010
5/12/2016,0.010
5/13/2016,0.010
5/16/2016,0.010
5/17/2016,0.010
5/18/2016,0.010
5/19/2016,0.010
5/20/2016,0.010
5/23/2016,0.010
5/24/2016,0.010
5/25/2016,0.010
5/26/2016,0.010
5/27/2016,0.010
5/31/2016,0.010
6/1/2016,0.010
6/2/2016,0.010
6/3/2016,0.010
6/6/2016,0.010
6/7/2016,0.010
6/8/2016,0.010
6/9/2016,0.010
6/10/2016,0.010
6/13/2016,0.010
6/14/2016,0.010
6/15/2016,0.010
6/16/2016,0.010
6/17/2016,0.010
6/20/2016,0.010
6/21/2016,0.010
6/22/2016,0.010
6/23/2016,0.010
6/24/2016,0.010
6/27/2016,0.010
6/28/2016,0.010
6/29/2016,0.010
6/30/2016,0.010
7/1/2016,0.008
7/5/2016,0.008
7/6/2016,0.008
7/7/2016,0.008
7/8/2016,0.008
7/11/2016,0.008
7/12/2016,0.008
7/13/2016,0.008
7/14/2016,0.008
7/15/2016,0.008
7/18/2016,0.008
7/19/2016,0.008
7/20/2016,0.008
7/21/2016,0.008
7/22/2016,0.008
7/25/2016,0.008
7/26/2016,0.008
7/27/2016,0.008
7/28/2016,0.008
7/29/2016,0.008
8/1/2016,0.011
8/2/2016,0.011
8/3/2016,0.011
8/4/2016,0.011
8/5/2016,0.011
8/8/2016,0.011
8/9/2016,0.011
8/10/2016,0.011
8/11/2016,0.011
8/12/2016,0.011
8/15/2016,0.011
8/16/2016,0.011
8/17/2016,0.011
8/18/2016,0.011
8/19/2016,0.011
8/22/2016,0.011
8/23/2016,0.011
8/24/2016,0.011
8/25/2016,0.011
8/26/2016,0.011
8/29/2016,0.011
8/30/2016,0.011
8/31/2016,0.011
9/1/2016,0.015
9/2/2016,0.015
9/6/2016,0.015
9/7/2016,0.015
9/8/2016,0.015
9/9/2016,0.015
9/12/2016,0.015
9/13/2016,0.015
9/14/2016,0.015
9/15/2016,0.015
9/16/2016,0.015
9/19/2016,0.015
9/20/2016,0.015
9/21/2016,0.015
9/22/2016,0.015
9/23/2016,0.015
9/26/2016,0.015
9/27/2016,0.015
9/28/2016,0.015
9/29/2016,0.015
9/30/2016,0.015
10/3/2016,0.016
10/4/2016,0.016
10/5/2016,0.016
10/6/2016,0.016
10/7/2016,0.016
10/10/2016,0.016
10/11/2016,0.016
10/12/2016,0.016
10/13/2016,0.016
10/14/2016,0.016
10/17/2016,0.016
10/18/2016,0.016
10/19/2016,0.016
10/20/2016,0.016
10/21/2016,0.016
10/24/2016,0.016
10/25/2016,0.016
10/26/2016,0.016
10/27/2016,0.016
10/28/2016,0.016
10/31/2016,0.016
11/1/2016,0.017
11/2/2016,0.017
11/3/2016,0.017
11/4/2016,0.017
11/7/2016,0.017
11/8/2016,0.017
11/9/2016,0.017
11/10/2016,0.017
11/11/2016,0.017
11/14/2016,0.017
11/15/2016,0.017
11/16/2016,0.017
11/17/2016,0.017
11/18/2016,0.017
11/21/2016,0.017
11/22/2016,0.017
11/23/2016,0.017
11/25/2016,0.017
11/28/2016,0.017
11/29/2016,0.017
11/30/2016,0.017
12/1/2016,0.021
12/2/2016,0.021
12/5/2016,0.021
12/6/2016,0.021
12/7/2016,0.021
12/8/2016,0.021
12/9/2016,0.021
12/12/2016,0.021
12/13/2016,0.021
12/14/2016,0.021
12/15/2016,0.021
12/16/2016,0.021
12/19/2016,0.021
12/20/2016,0.021
12/21/2016,0.021
12/22/2016,0.021
12/23/2016,0.021
12/27/2016,0.021
12/28/2016,0.021
12/29/2016,0.021
12/30/2016,0.021
1/3/2017,0.025
1/4/2017,0.025
1/5/2017,0.025
1/6/2017,0.025
1/9/2017,0.025
1/10/2017,0.025
1/11/2017,0.025
1/12/2017,0.025
1/13/2017,0.025
1/17/2017,0.025
1/18/2017,0.025
1/19/2017,0.025
1/20/2017,0.025
1/23/2017,0.025
1/24/2017,0.025
1/25/2017,0.025
1/26/2017,0.025
1/27/2017,0.025
1/30/2017,0.025
1/31/2017,0.025
2/1/2017,0.027
2/2/2017,0.027
2/3/2017,0.027
2/6/2017,0.027
2/7/2017,0.027
2/8/2017,0.027
2/9/2017,0.027
2/10/2017,0.027
2/13/2017,0.027
2/14/2017,0.027
2/15/2017,0.027
2/16/2017,0.027
2/17/2017,0.027
2/21/2017,0.027
2/22/2017,0.027
2/23/2017,0.027
2/24/2017,0.027
2/27/2017,0.027
2/28/2017,0.027
3/1/2017,0.024
3/2/2017,0.024
3/3/2017,0.024
3/6/2017,0.024
3/7/2017,0.024
3/8/2017,0.024
3/9/2017,0.024
3/10/2017,0.024
3/13/2017,0.024
3/14/2017,0.024
3/15/2017,0.024
3/16/2017,0.024
3/17/2017,0.024
3/20/2017,0.024
3/21/2017,0.024
3/22/2017,0.024
3/23/2017,0.024
3/24/2017,0.024
3/27/2017,0.024
3/28/2017,0.024
3/29/2017,0.024
3/30/2017,0.024
3/31/2017,0.024
4/3/2017,0.022
4/4/2017,0.022
4/5/2017,0.022
4/6/2017,0.022
4/7/2017,0.022
4/10/2017,0.022
4/11/2017,0.022
4/12/2017,0.022
4/13/2017,0.022
4/17/2017,0.022
4/18/2017,0.022
4/19/2017,0.022
4/20/2017,0.022
4/21/2017,0.022
4/24/2017,0.022
4/25/2017,0.022
4/26/2017,0.022
4/27/2017,0.022
4/28/2017,0.022
5/1/2017,0.019
5/2/2017,0.019
5/3/2017,0.019
5/4/2017,0.019
5/5/2017,0.019
5/8/2017,0.019
5/9/2017,0.019
5/10/2017,0.019
5/11/2017,0.019
5/12/2017,0.019
5/15/2017,0.019
5/16/2017,0.019
5/17/2017,0.019
5/18/2017,0.019
5/19/2017,0.019
5/22/2017,0.019
5/23/2017,0.019
5/24/2017,0.019
5/25/2017,0.019
5/26/2017,0.019
5/30/2017,0.019
5/31/2017,0.019
6/1/2017,0.016
6/2/2017,0.016
6/5/2017,0.016
6/6/2017,0.016
6/7/2017,0.016
6/8/2017,0.016
6/9/2017,0.016
6/12/2017,0.016
6/13/2017,0.016
6/14/2017,0.016
6/15/2017,0.016
6/16/2017,0.016
6/19/2017,0.016
6/20/2017,0.016
6/21/2017,0.016
6/22/2017,0.016
6/23/2017,0.016
6/26/2017,0.016
6/27/2017,0.016
6/28/2017,0.016
6/29/2017,0.016
6/30/2017,0.016
7/3/2017,0.017
7/5/2017,0.017
7/6/2017,0.017
7/7/2017,0.017
7/10/2017,0.017
7/11/2017,0.017
7/12/2017,0.017
7/13/2017,0.017
7/14/2017,0.017
7/17/2017,0.017
7/18/2017,0.017
7/19/2017,0.017
7/20/2017,0.017
7/21/2017,0.017
7/24/2017,0.017
7/25/2017,0.017
7/26/2017,0.017
7/27/2017,0.017
7/28/2017,0.017
7/31/2017,0.017
8/1/2017,0.019
8/2/2017,0.019
8/3/2017,0.019
8/4/2017,0.019
8/7/2017,0.019
8/8/2017,0.019
8/9/2017,0.019
8/10/2017,0.019
8/11/2017,0.019
8/14/2017,0.019
8/15/2017,0.019
8/16/2017,0.019
8/17/2017,0.019
8/18/2017,0.019
8/21/2017,0.019
8/22/2017,0.019
8/23/2017,0.019
8/24/2017,0.019
8/25/2017,0.019
8/28/2017,0.019
8/29/2017,0.019
8/30/2017,0.019
8/31/2017,0.019
9/1/2017,0.022
9/5/2017,0.022
9/6/2017,0.022
9/7/2017,0.022
9/8/2017,0.022
9/11/2017,0.022
9/12/2017,0.022
9/13/2017,0.022
9/14/2017,0.022
9/15/2017,0.022
9/18/2017,0.022
9/19/2017,0.022
9/20/2017,0.022
9/21/2017,0.022
9/22/2017,0.022
9/25/2017,0.022
9/26/2017,0.022
9/27/2017,0.022
9/28/2017,0.022
9/29/2017,0.022
10/2/2017,0.020
10/3/2017,0.020
10/4/2017,0.020
10/5/2017,0.020
10/6/2017,0.020
10/9/2017,0.020
10/10/2017,0.020
10/11/2017,0.020
10/12/2017,0.020
10/13/2017,0.020
10/16/2017,0.020
10/17/2017,0.020
10/18/2017,0.020
10/19/2017,0.020
10/20/2017,0.020
10/23/2017,0.020
10/24/2017,0.020
10/25/2017,0.020
10/26/2017,0.020
10/27/2017,0.020
10/30/2017,0.020
10/31/2017,0.020
11/1/2017,0.022
11/2/2017,0.022
11/3/2017,0.022
11/6/2017,0.022
11/7/2017,0.022
11/8/2017,0.022
11/9/2017,0.022
11/10/2017,0.022
11/13/2017,0.022
11/14/2017,0.022
11/15/2017,0.022
11/16/2017,0.022
11/17/2017,0.022
11/20/2017,0.022
11/21/2017,0.022
11/22/2017,0.022
11/24/2017,0.022
11/27/2017,0.022
11/28/2017,0.022
11/29/2017,0.022
11/30/2017,0.022
12/1/2017,0.021
12/4/2017,0.021
12/5/2017,0.021
12/6/2017,0.021
12/7/2017,0.021
12/8/2017,0.021
12/11/2017,0.021
12/12/2017,0.021
12/13/2017,0.021
12/14/2017,0.021
12/15/2017,0.021
12/18/2017,0.021
12/19/2017,0.021
12/20/2017,0.021
12/21/2017,0.021
12/22/2017,0.021
12/26/2017,0.021
12/27/2017,0.021
12/28/2017,0.021
12/29/2017,0.021
1/2/2018,0.021
1/3/2018,0.021
1/4/2018,0.021
1/5/2018,0.021
1/8/2018,0.021
1/9/2018,0.021
1/10/2018,0.021
1/11/2018,0.021
1/12/2018,0.021
1/16/2018,0.021
1/17/2018,0.021
1/18/2018,0.021
1/19/2018,0.021
1/22/2018,0.021
1/23/2018,0.021
1/24/2018,0.021
1/25/2018,0.021
1/26/2018,0.021
1/29/2018,0.021
1/30/2018,0.021
1/31/2018,0.021
2/1/2018,0.022
2/2/2018,0.022
2/5/2018,0.022
2/6/2018,0.022
2/7/2018,0.022
2/8/2018,0.022
2/9/2018,0.022
2/12/2018,0.022
2/13/2018,0.022
2/14/2018,0.022
2/15/2018,0.022
2/16/2018,0.022
2/20/2018,0.022
2/21/2018,0.022
2/22/2018,0.022
2/23/2018,0.022
2/26/2018,0.022
2/27/2018,0.022
2/28/2018,0.022
3/1/2018,0.024
3/2/2018,0.024
3/5/2018,0.024
3/6/2018,0.024
3/7/2018,0.024
3/8/2018,0.024
3/9/2018,0.024
3/12/2018,0.024
3/13/2018,0.024
3/14/2018,0.024
3/15/2018,0.024
3/16/2018,0.024
3/19/2018,0.024
3/20/2018,0.024
3/21/2018,0.024
3/22/2018,0.024
3/23/2018,0.024
3/26/2018,0.024
3/27/2018,0.024
3/28/2018,0.024
3/29/2018,0.024
4/2/2018,0.025
4/3/2018,0.025
4/4/2018,0.025
4/5/2018,0.025
4/6/2018,0.025
4/9/2018,0.025
4/10/2018,0.025
4/11/2018,0.025
4/12/2018,0.025
4/13/2018,0.025
4/16/2018,0.025
4/17/2018,0.025
4/18/2018,0.025
4/19/2018,0.025
4/20/2018,0.025
4/23/2018,0.025
4/24/2018,0.025
4/25/2018,0.025
4/26/2018,0.025
4/27/2018,0.025
4/30/2018,0.025
5/1/2018,0.028
5/2/2018,0.028
5/3/2018,0.028
5/4/2018,0.028
5/7/2018,0.028
5/8/2018,0.028
5/9/2018,0.028
5/10/2018,0.028
5/11/2018,0.028
5/14/2018,0.028
5/15/2018,0.028
5/16/2018,0.028
5/17/2018,0.028
5/18/2018,0.028
5/21/2018,0.028
5/22/2018,0.028
5/23/2018,0.028
5/24/2018,0.028
5/25/2018,0.028
5/29/2018,0.028
5/30/2018,0.028
5/31/2018,0.028
6/1/2018,0.029
6/4/2018,0.029
6/5/2018,0.029
6/6/2018,0.029
6/7/2018,0.029
6/8/2018,0.029
6/11/2018,0.029
6/12/2018,0.029
6/13/2018,0.029
6/14/2018,0.029
6/15/2018,0.029
6/18/2018,0.029
6/19/2018,0.029
6/20/2018,0.029
6/21/2018,0.029
6/22/2018,0.029
6/25/2018,0.029
6/26/2018,0.029
6/27/2018,0.029
6/28/2018,0.029
6/29/2018,0.029
7/2/2018,0.029
7/3/2018,0.029
7/5/2018,0.029
7/6/2018,0.029
7/9/2018,0.029
7/10/2018,0.029
7/11/2018,0.029
7/12/2018,0.029
7/13/2018,0.029
7/16/2018,0.029
7/17/2018,0.029
7/18/2018,0.029
7/19/2018,0.029
7/20/2018,0.029
7/23/2018,0.029
7/24/2018,0.029
7/25/2018,0.029
7/26/2018,0.029
7/27/2018,0.029
7/30/2018,0.029
7/31/2018,0.029
8/1/2018,0.027
8/2/2018,0.027
8/3/2018,0.027
8/6/2018,0.027
8/7/2018,0.027
8/8/2018,0.027
8/9/2018,0.027
8/10/2018,0.027
8/13/2018,0.027
8/14/2018,0.027
8/15/2018,0.027
8/16/2018,0.027
8/17/2018,0.027
8/20/2018,0.027
8/21/2018,0.027
8/22/2018,0.027
8/23/2018,0.027
8/24/2018,0.027
8/27/2018,0.027
8/28/2018,0.027
8/29/2018,0.027
8/30/2018,0.027
8/31/2018,0.027
9/4/2018,0.023
9/5/2018,0.023
9/6/2018,0.023
9/7/2018,0.023
9/10/2018,0.023
9/11/2018,0.023
9/12/2018,0.023
9/13/2018,0.023
9/14/2018,0.023
9/17/2018,0.023
9/18/2018,0.023
9/19/2018,0.023
9/20/2018,0.023
9/21/2018,0.023
9/24/2018,0.023
9/25/2018,0.023
9/26/2018,0.023
9/27/2018,0.023
9/28/2018,0.023
10/1/2018,0.025
10/2/2018,0.025
10/3/2018,0.025
10/4/2018,0.025
10/5/2018,0.025
10/8/2018,0.025
10/9/2018,0.025
10/10/2018,0.025
10/11/2018,0.025
10/12/2018,0.025
10/15/2018,0.025
10/16/2018,0.025
10/17/2018,0.025
10/18/2018,0.025
10/19/2018,0.025
10/22/2018,0.025
10/23/2018,0.025
10/24/2018,0.025
10/25/2018,0.025
10/26/2018,0.025
10/29/2018,0.025
10/30/2018,0.025
10/31/2018,0.025
11/1/2018,0.022
11/2/2018,0.022
11/5/2018,0.022
11/6/2018,0.022
11/7/2018,0.022
11/8/2018,0.022
11/9/2018,0.022
11/12/2018,0.022
11/13/2018,0.022
11/14/2018,0.022
11/15/2018,0.022
11/16/2018,0.022
11/19/2018,0.022
11/20/2018,0.022
11/21/2018,0.022
11/23/2018,0.022
11/26/2018,0.022
11/27/2018,0.022
11/28/2018,0.022
11/29/2018,0.022
11/30/2018,0.022
12/3/2018,0.019
12/4/2018,0.019
12/6/2018,0.019
12/7/2018,0.019
12/10/2018,0.019
12/11/2018,0.019
12/12/2018,0.019
12/13/2018,0.019
12/14/2018,0.019
12/17/2018,0.019
12/18/2018,0.019
12/19/2018,0.019
12/20/2018,0.019
12/21/2018,0.019
12/24/2018,0.019
12/26/2018,0.019
12/27/2018,0.019
12/28/2018,0.019
12/31/2018,0.019
1/2/2019,0.016
1/3/2019,0.016
1/4/2019,0.016
1/7/2019,0.016
1/8/2019,0.016
1/9/2019,0.016
1/10/2019,0.016
1/11/2019,0.016
1/14/2019,0.016
1/15/2019,0.016
1/16/2019,0.016
1/17/2019,0.016
1/18/2019,0.016
1/22/2019,0.016
1/23/2019,0.016
1/24/2019,0.016
1/25/2019,0.016
1/28/2019,0.016
1/29/2019,0.016
1/30/2019,0.016
1/31/2019,0.016
2/1/2019,0.015
2/4/2019,0.015
2/5/2019,0.015
2/6/2019,0.015
2/7/2019,0.015
2/8/2019,0.015
2/11/2019,0.015
2/12/2019,0.015
2/13/2019,0.015
2/14/2019,0.015
2/15/2019,0.015
2/19/2019,0.015
2/20/2019,0.015
2/21/2019,0.015
2/22/2019,0.015
2/25/2019,0.015
2/26/2019,0.015
2/27/2019,0.015
2/28/2019,0.015
3/1/2019,0.019
3/4/2019,0.019
3/5/2019,0.019
3/6/2019,0.019
3/7/2019,0.019
3/8/2019,0.019
3/11/2019,0.019
3/12/2019,0.019
3/13/2019,0.019
3/14/2019,0.019
3/15/2019,0.019
3/18/2019,0.019
3/19/2019,0.019
3/20/2019,0.019
3/21/2019,0.019
3/22/2019,0.019
3/25/2019,0.019
3/26/2019,0.019
3/27/2019,0.019
3/28/2019,0.019
3/29/2019,0.019
4/1/2019,0.020
4/2/2019,0.020
4/3/2019,0.020
4/4/2019,0.020
4/5/2019,0.020
4/8/2019,0.020
4/9/2019,0.020
4/10/2019,0.020
4/11/2019,0.020
4/12/2019,0.020
4/15/2019,0.020
4/16/2019,0.020
4/17/2019,0.020
4/18/2019,0.020
4/22/2019,0.020
4/23/2019,0.020
4/24/2019,0.020
4/25/2019,0.020
4/26/2019,0.020
4/29/2019,0.020
4/30/2019,0.020
5/1/2019,0.018
5/2/2019,0.018
5/3/2019,0.018
5/6/2019,0.018
5/7/2019,0.018
5/8/2019,0.018
5/9/2019,0.018
5/10/2019,0.018
5/13/2019,0.018
5/14/2019,0.018
5/15/2019,0.018
5/16/2019,0.018
5/17/2019,0.018
5/20/2019,0.018
5/21/2019,0.018
5/22/2019,0.018
5/23/2019,0.018
5/24/2019,0.018
5/28/2019,0.018
5/29/2019,0.018
5/30/2019,0.018
5/31/2019,0.018
6/3/2019,0.016
6/4/2019,0.016
6/5/2019,0.016
6/6/2019,0.016
6/7/2019,0.016
6/10/2019,0.016
6/11/2019,0.016
6/12/2019,0.016
6/13/2019,0.016
6/14/2019,0.016
6/17/2019,0.016
6/18/2019,0.016
6/19/2019,0.016
6/20/2019,0.016
6/21/2019,0.016
6/24/2019,0.016
6/25/2019,0.016
6/26/2019,0.016
6/27/2019,0.016
6/28/2019,0.016
7/1/2019,0.018
7/2/2019,0.018
7/3/2019,0.018
7/5/2019,0.018
7/8/2019,0.018
7/9/2019,0.018
7/10/2019,0.018
7/11/2019,0.018
7/12/2019,0.018
7/15/2019,0.018
7/16/2019,0.018
7/17/2019,0.018
7/18/2019,0.018
7/19/2019,0.018
7/22/2019,0.018
7/23/2019,0.018
7/24/2019,0.018
7/25/2019,0.018
7/26/2019,0.018
7/29/2019,0.018
7/30/2019,0.018
7/31/2019,0.018
8/1/2019,0.017
8/2/2019,0.017
8/5/2019,0.017
8/6/2019,0.017
8/7/2019,0.017
8/8/2019,0.017
8/9/2019,0.017
8/12/2019,0.017
8/13/2019,0.017
8/14/2019,0.017
8/15/2019,0.017
8/16/2019,0.017
8/19/2019,0.017
8/20/2019,0.017
8/21/2019,0.017
8/22/2019,0.017
8/23/2019,0.017
8/26/2019,0.017
8/27/2019,0.017
8/28/2019,0.017
8/29/2019,0.017
8/30/2019,0.017
9/3/2019,0.017
9/4/2019,0.017
9/5/2019,0.017
9/6/2019,0.017
9/9/2019,0.017
9/10/2019,0.017
9/11/2019,0.017
9/12/2019,0.017
9/13/2019,0.017
9/16/2019,0.017
9/17/2019,0.017
9/18/2019,0.017
9/19/2019,0.017
9/20/2019,0.017
9/23/2019,0.017
9/24/2019,0.017
9/25/2019,0.017
9/26/2019,0.017
9/27/2019,0.017
9/30/2019,0.017
10/1/2019,0.018
10/2/2019,0.018
10/3/2019,0.018
10/4/2019,0.018
10/7/2019,0.018
10/8/2019,0.018
10/9/2019,0.018
10/10/2019,0.018
10/11/2019,0.018
10/14/2019,0.018
10/15/2019,0.018
10/16/2019,0.018
10/17/2019,0.018
10/18/2019,0.018
10/21/2019,0.018
10/22/2019,0.018
10/23/2019,0.018
10/24/2019,0.018
10/25/2019,0.018
10/28/2019,0.018
10/29/2019,0.018
10/30/2019,0.018
10/31/2019,0.018
11/1/2019,0.021
11/4/2019,0.021
11/5/2019,0.021
11/6/2019,0.021
11/7/2019,0.021
11/8/2019,0.021
11/11/2019,0.021
11/12/2019,0.021
11/13/2019,0.021
11/14/2019,0.021
11/15/2019,0.021
11/18/2019,0.021
11/19/2019,0.021
11/20/2019,0.021
11/21/2019,0.021
11/22/2019,0.021
11/25/2019,0.021
11/26/2019,0.021
11/27/2019,0.021
11/29/2019,0.021
12/2/2019,0.023
12/3/2019,0.023
12/4/2019,0.023
12/5/2019,0.023
12/6/2019,0.023
12/9/2019,0.023
12/10/2019,0.023
12/11/2019,0.023
12/12/2019,0.023
12/13/2019,0.023
12/16/2019,0.023
12/17/2019,0.023
12/18/2019,0.023
12/19/2019,0.023
12/20/2019,0.023
12/23/2019,0.023
12/24/2019,0.023
12/26/2019,0.023
12/27/2019,0.023
12/30/2019,0.023
12/31/2019,0.023
1/2/2020,0.025
1/3/2020,0.025
1/6/2020,0.025
1/7/2020,0.025
1/8/2020,0.025
1/9/2020,0.025
1/10/2020,0.025
1/13/2020,0.025
1/14/2020,0.025
1/15/2020,0.025
1/16/2020,0.025
1/17/2020,0.025
1/21/2020,0.025
1/22/2020,0.025
1/23/2020,0.025
1/24/2020,0.025
1/27/2020,0.025
1/28/2020,0.025
1/29/2020,0.025
1/30/2020,0.025
1/31/2020,0.025
2/3/2020,0.023
2/4/2020,0.023
2/5/2020,0.023
2/6/2020,0.023
2/7/2020,0.023
2/10/2020,0.023
2/11/2020,0.023
2/12/2020,0.023
2/13/2020,0.023
2/14/2020,0.023
2/18/2020,0.023
2/19/2020,0.023
2/20/2020,0.023
2/21/2020,0.023
2/24/2020,0.023
2/25/2020,0.023
2/26/2020,0.023
2/27/2020,0.023
2/28/2020,0.023
3/2/2020,0.015
3/3/2020,0.015
3/4/2020,0.015
3/5/2020,0.015
3/6/2020,0.015
3/9/2020,0.015
3/10/2020,0.015
3/11/2020,0.015
3/12/2020,0.015
3/13/2020,0.015
3/16/2020,0.015
3/17/2020,0.015
3/18/2020,0.015
3/19/2020,0.015
3/20/2020,0.015
3/23/2020,0.015
3/24/2020,0.015
3/25/2020,0.015
3/26/2020,0.015
3/27/2020,0.015
3/30/2020,0.015
3/31/2020,0.015
4/1/2020,0.003
4/2/2020,0.003
4/3/2020,0.003
4/6/2020,0.003
4/7/2020,0.003
4/8/2020,0.003
4/9/2020,0.003
4/13/2020,0.003
4/14/2020,0.003
4/15/2020,0.003
4/16/2020,0.003
4/17/2020,0.003
4/20/2020,0.003
4/21/2020,0.003
4/22/2020,0.003
4/23/2020,0.003
4/24/2020,0.003
4/27/2020,0.003
4/28/2020,0.003
4/29/2020,0.003
4/30/2020,0.003
5/1/2020,0.001
5/4/2020,0.001
5/5/2020,0.001
5/6/2020,0.001
5/7/2020,0.001
5/8/2020,0.001
5/11/2020,0.001
5/12/2020,0.001
5/13/2020,0.001
5/14/2020,0.001
5/15/2020,0.001
5/18/2020,0.001
5/19/2020,0.001
5/20/2020,0.001
5/21/2020,0.001
5/22/2020,0.001
5/26/2020,0.001
5/27/2020,0.001
5/28/2020,0.001
5/29/2020,0.001
6/1/2020,0.006
6/2/2020,0.006
6/3/2020,0.006
6/4/2020,0.006
6/5/2020,0.006
6/8/2020,0.006
6/9/2020,0.006
6/10/2020,0.006
6/11/2020,0.006
6/12/2020,0.006
6/15/2020,0.006
6/16/2020,0.006
6/17/2020,0.006
6/18/2020,0.006
6/19/2020,0.006
6/22/2020,0.006
6/23/2020,0.006
6/24/2020,0.006
6/25/2020,0.006
6/26/2020,0.006
6/29/2020,0.006
6/30/2020,0.006
7/1/2020,0.010
7/2/2020,0.010
7/6/2020,0.010
7/7/2020,0.010
7/8/2020,0.010
7/9/2020,0.010
7/10/2020,0.010
7/13/2020,0.010
7/14/2020,0.010
7/15/2020,0.010
7/16/2020,0.010
7/17/2020,0.010
7/20/2020,0.010
7/21/2020,0.010
7/22/2020,0.010
7/23/2020,0.010
7/24/2020,0.010
7/27/2020,0.010
7/28/2020,0.010
7/29/2020,0.010
7/30/2020,0.010
7/31/2020,0.010
8/3/2020,0.013
8/4/2020,0.013
8/5/2020,0.013
8/6/2020,0.013
8/7/2020,0.013
8/10/2020,0.013
8/11/2020,0.013
8/12/2020,0.013
8/13/2020,0.013
8/14/2020,0.013
8/17/2020,0.013
8/18/2020,0.013
8/19/2020,0.013
8/20/2020,0.013
8/21/2020,0.013
8/24/2020,0.013
8/25/2020,0.013
8/26/2020,0.013
8/27/2020,0.013
8/28/2020,0.013
8/31/2020,0.013
9/1/2020,0.014
9/2/2020,0.014
9/3/2020,0.014
9/4/2020,0.014
9/8/2020,0.014
9/9/2020,0.014
9/10/2020,0.014
9/11/2020,0.014
9/14/2020,0.014
9/15/2020,0.014
9/16/2020,0.014
9/17/2020,0.014
9/18/2020,0.014
9/21/2020,0.014
9/22/2020,0.014
9/23/2020,0.014
9/24/2020,0.014
9/25/2020,0.014
9/28/2020,0.014
9/29/2020,0.014
9/30/2020,0.014
10/1/2020,0.012
10/2/2020,0.012
10/5/2020,0.012
10/6/2020,0.012
10/7/2020,0.012
10/8/2020,0.012
10/9/2020,0.012
10/12/2020,0.012
10/13/2020,0.012
10/14/2020,0.012
10/15/2020,0.012
10/16/2020,0.012
10/19/2020,0.012
10/20/2020,0.012
10/21/2020,0.012
10/22/2020,0.012
10/23/2020,0.012
10/26/2020,0.012
10/27/2020,0.012
10/28/2020,0.012
10/29/2020,0.012
10/30/2020,0.012
11/2/2020,0.012
11/3/2020,0.012
11/4/2020,0.012
11/5/2020,0.012
11/6/2020,0.012
11/9/2020,0.012
11/10/2020,0.012
11/11/2020,0.012
11/12/2020,0.012
11/13/2020,0.012
11/16/2020,0.012
11/17/2020,0.012
11/18/2020,0.012
11/19/2020,0.012
11/20/2020,0.012
11/23/2020,0.012
11/24/2020,0.012
11/25/2020,0.012
11/27/2020,0.012
11/30/2020,0.012
12/1/2020,0.014
12/2/2020,0.014
12/3/2020,0.014
12/4/2020,0.014
12/7/2020,0.014
12/8/2020,0.014
12/9/2020,0.014
12/10/2020,0.014
12/11/2020,0.014
12/14/2020,0.014
12/15/2020,0.014
12/16/2020,0.014
12/17/2020,0.014
12/18/2020,0.014
12/21/2020,0.014
12/22/2020,0.014
12/23/2020,0.014
12/24/2020,0.014
12/28/2020,0.014
12/29/2020,0.014
12/30/2020,0.014
12/31/2020,0.014
1/4/2021,0.014
1/5/2021,0.014
1/6/2021,0.014
1/7/2021,0.014
1/8/2021,0.014
1/11/2021,0.014
1/12/2021,0.014
1/13/2021,0.014
1/14/2021,0.014
1/15/2021,0.014
1/19/2021,0.014
1/20/2021,0.014
1/21/2021,0.014
1/22/2021,0.014
1/25/2021,0.014
1/26/2021,0.014
1/27/2021,0.014
1/28/2021,0.014
1/29/2021,0.014
2/1/2021,0.017
2/2/2021,0.017
2/3/2021,0.017
2/4/2021,0.017
2/5/2021,0.017
2/8/2021,0.017
2/9/2021,0.017
2/10/2021,0.017
2/11/2021,0.017
2/12/2021,0.017
2/16/2021,0.017
2/17/2021,0.017
2/18/2021,0.017
2/19/2021,0.017
2/22/2021,0.017
2/23/2021,0.017
2/24/2021,0.017
2/25/2021,0.017
2/26/2021,0.017
3/1/2021,0.026
3/2/2021,0.026
3/3/2021,0.026
3/4/2021,0.026
3/5/2021,0.026
3/8/2021,0.026
3/9/2021,0.026
3/10/2021,0.026
3/11/2021,0.026
3/12/2021,0.026
3/15/2021,0.026
3/16/2021,0.026
3/17/2021,0.026
3/18/2021,0.026
3/19/2021,0.026
3/22/2021,0.026
3/23/2021,0.026
3/24/2021,0.026
3/25/2021,0.026
3/26/2021,0.026
3/29/2021,0.026
3/30/2021,0.026
3/31/2021,0.026
4/1/2021,0.042
4/5/2021,0.042
4/6/2021,0.042
4/7/2021,0.042
4/8/2021,0.042
4/9/2021,0.042
4/12/2021,0.042
4/13/2021,0.042
4/14/2021,0.042
4/15/2021,0.042
4/16/2021,0.042
4/19/2021,0.042
4/20/2021,0.042
4/21/2021,0.042
4/22/2021,0.042
4/23/2021,0.042
4/26/2021,0.042
4/27/2021,0.042
4/28/2021,0.042
4/29/2021,0.042
4/30/2021,0.042
5/3/2021,0.050
5/4/2021,0.050
5/5/2021,0.050
5/6/2021,0.050
5/7/2021,0.050
5/10/2021,0.050
5/11/2021,0.050
5/12/2021,0.050
5/13/2021,0.050
5/14/2021,0.050
5/17/2021,0.050
5/18/2021,0.050
5/19/2021,0.050
5/20/2021,0.050
5/21/2021,0.050
5/24/2021,0.050
5/25/2021,0.050
5/26/2021,0.050
5/27/2021,0.050
5/28/2021,0.050
6/1/2021,0.054
6/2/2021,0.054
6/3/2021,0.054
6/4/2021,0.054
6/7/2021,0.054
6/8/2021,0.054
6/9/2021,0.054
6/10/2021,0.054
6/11/2021,0.054
6/14/2021,0.054
6/15/2021,0.054
6/16/2021,0.054
6/17/2021,0.054
6/18/2021,0.054
6/21/2021,0.054
6/22/2021,0.054
6/23/2021,0.054
6/24/2021,0.054
6/25/2021,0.054
6/28/2021,0.054
6/29/2021,0.054
6/30/2021,0.054
7/1/2021,0.054
7/2/2021,0.054
7/6/2021,0.054
7/7/2021,0.054
7/8/2021,0.054
7/9/2021,0.054
7/12/2021,0.054
7/13/2021,0.054
7/14/2021,0.054
7/15/2021,0.054
7/16/2021,0.054
7/19/2021,0.054
7/20/2021,0.054
7/21/2021,0.054
7/22/2021,0.054
7/23/2021,0.054
7/26/2021,0.054
7/27/2021,0.054
7/28/2021,0.054
7/29/2021,0.054
7/30/2021,0.054
8/2/2021,0.053
8/3/2021,0.053
8/4/2021,0.053
8/5/2021,0.053
8/6/2021,0.053
8/9/2021,0.053
8/10/2021,0.053
8/11/2021,0.053
8/12/2021,0.053
8/13/2021,0.053
8/16/2021,0.053
8/17/2021,0.053
8/18/2021,0.053
8/19/2021,0.053
8/20/2021,0.053
8/23/2021,0.053
8/24/2021,0.053
8/25/2021,0.053
8/26/2021,0.053
8/27/2021,0.053
8/30/2021,0.053
8/31/2021,0.053
9/1/2021,0.054
9/2/2021,0.054
9/3/2021,0.054
9/7/2021,0.054
9/8/2021,0.054
9/9/2021,0.054
9/10/2021,0.054
9/13/2021,0.054
9/14/2021,0.054
9/15/2021,0.054
9/16/2021,0.054
9/17/2021,0.054
9/20/2021,0.054
9/21/2021,0.054
9/22/2021,0.054
9/23/2021,0.054
9/24/2021,0.054
9/27/2021,0.054
9/28/2021,0.054
9/29/2021,0.054
9/30/2021,0.054
10/1/2021,0.062
10/4/2021,0.062
10/5/2021,0.062
10/6/2021,0.062
10/7/2021,0.062
10/8/2021,0.062
10/11/2021,0.062
10/12/2021,0.062
10/13/2021,0.062
10/14/2021,0.062
10/15/2021,0.062
10/18/2021,0.062
10/19/2021,0.062
10/20/2021,0.062
10/21/2021,0.062
10/22/2021,0.062
10/25/2021,0.062
10/26/2021,0.062
10/27/2021,0.062
10/28/2021,0.062
10/29/2021,0.062
11/1/2021,0.068
11/2/2021,0.068
11/3/2021,0.068
11/4/2021,0.068
11/5/2021,0.068
11/8/2021,0.068
11/9/2021,0.068
11/10/2021,0.068
11/11/2021,0.068
11/12/2021,0.068
11/15/2021,0.068
11/16/2021,0.068
11/17/2021,0.068
11/18/2021,0.068
11/19/2021,0.068
11/22/2021,0.068
11/23/2021,0.068
11/24/2021,0.068
11/26/2021,0.068
11/29/2021,0.068
11/30/2021,0.068
12/1/2021,0.070
12/2/2021,0.070
12/3/2021,0.070
12/6/2021,0.070
12/7/2021,0.070
12/8/2021,0.070
12/9/2021,0.070
12/10/2021,0.070
12/13/2021,0.070
12/14/2021,0.070
12/15/2021,0.070
12/16/2021,0.070
12/17/2021,0.070
12/20/2021,0.070
12/21/2021,0.070
12/22/2021,0.070
12/23/2021,0.070
12/27/2021,0.070
12/28/2021,0.070
12/29/2021,0.070
12/30/2021,0.070
12/31/2021,0.070
1/3/2022,0.075
1/4/2022,0.075
1/5/2022,0.075
1/6/2022,0.075
1/7/2022,0.075
1/10/2022,0.075
1/11/2022,0.075
1/12/2022,0.075
1/13/2022,0.075
1/14/2022,0.075
1/18/2022,0.075
1/19/2022,0.075
1/20/2022,0.075
1/21/2022,0.075
1/24/2022,0.075
1/25/2022,0.075
1/26/2022,0.075
1/27/2022,0.075
1/28/2022,0.075
1/31/2022,0.075
2/1/2022,0.079
2/2/2022,0.079
2/3/2022,0.079
2/4/2022,0.079
2/7/2022,0.079
2/8/2022,0.079
2/9/2022,0.079
2/10/2022,0.079
2/11/2022,0.079
2/14/2022,0.079
2/15/2022,0.079
2/16/2022,0.079
2/17/2022,0.079
2/18/2022,0.079
2/22/2022,0.079
2/23/2022,0.079
2/24/2022,0.079
2/25/2022,0.079
2/28/2022,0.079
3/1/2022,0.085
3/2/2022,0.085
3/3/2022,0.085
3/4/2022,0.085
3/7/2022,0.085
3/8/2022,0.085
3/9/2022,0.085
3/10/2022,0.085
3/11/2022,0.085
3/14/2022,0.085
3/15/2022,0.085
3/16/2022,0.085
3/17/2022,0.085
3/18/2022,0.085
3/21/2022,0.085
3/22/2022,0.085
3/23/2022,0.085
3/24/2022,0.085
3/25/2022,0.085
3/28/2022,0.085
3/29/2022,0.085
3/30/2022,0.085
3/31/2022,0.085
4/1/2022,0.083
4/4/2022,0.083
4/5/2022,0.083
4/6/2022,0.083
4/7/2022,0.083
4/8/2022,0.083
4/11/2022,0.083
4/12/2022,0.083
4/13/2022,0.083
4/14/2022,0.083
4/18/2022,0.083
4/19/2022,0.083
4/20/2022,0.083
4/21/2022,0.083
4/22/2022,0.083
4/25/2022,0.083
4/26/2022,0.083
4/27/2022,0.083
4/28/2022,0.083
4/29/2022,0.083
5/2/2022,0.086
5/3/2022,0.086
5/4/2022,0.086
5/5/2022,0.086
5/6/2022,0.086
5/9/2022,0.086
5/10/2022,0.086
5/11/2022,0.086
5/12/2022,0.086
5/13/2022,0.086
5/16/2022,0.086
5/17/2022,0.086
5/18/2022,0.086
5/19/2022,0.086
5/20/2022,0.086
5/23/2022,0.086
5/24/2022,0.086
5/25/2022,0.086
5/26/2022,0.086
5/27/2022,0.086
5/31/2022,0.086
6/1/2022,0.091
6/2/2022,0.091
6/3/2022,0.091
6/6/2022,0.091
6/7/2022,0.091
6/8/2022,0.091
6/9/2022,0.091
6/10/2022,0.091
6/13/2022,0.091
6/14/2022,0.091
6/15/2022,0.091
6/16/2022,0.091
6/17/2022,0.091
6/21/2022,0.091
6/22/2022,0.091
6/23/2022,0.091
6/24/2022,0.091
6/27/2022,0.091
6/28/2022,0.091
6/29/2022,0.091
6/30/2022,0.091
7/1/2022,0.085
7/5/2022,0.085
7/6/2022,0.085
7/7/2022,0.085
7/8/2022,0.085
7/11/2022,0.085
7/12/2022,0.085
7/13/2022,0.085
7/14/2022,0.085
7/15/2022,0.085
7/18/2022,0.085
7/19/2022,0.085
7/20/2022,0.085
7/21/2022,0.085
7/22/2022,0.085
7/25/2022,0.085
7/26/2022,0.085
7/27/2022,0.085
7/28/2022,0.085
7/29/2022,0.085
8/1/2022,0.083
8/2/2022,0.083
8/3/2022,0.083
8/4/2022,0.083
8/5/2022,0.083
8/8/2022,0.083
8/9/2022,0.083
8/10/2022,0.083
8/11/2022,0.083
8/12/2022,0.083
8/15/2022,0.083
8/16/2022,0.083
8/17/2022,0.083
8/18/2022,0.083
8/19/2022,0.083
8/22/2022,0.083
8/23/2022,0.083
8/24/2022,0.083
8/25/2022,0.083
8/26/2022,0.083
8/29/2022,0.083
8/30/2022,0.083
8/31/2022,0.083
9/1/2022,0.082
9/2/2022,0.082
9/6/2022,0.082
9/7/2022,0.082
9/8/2022,0.082
9/9/2022,0.082
9/12/2022,0.082
9/13/2022,0.082
9/14/2022,0.082
9/15/2022,0.082
9/16/2022,0.082
9/19/2022,0.082
9/20/2022,0.082
9/21/2022,0.082
9/22/2022,0.082
9/23/2022,0.082
9/26/2022,0.082
9/27/2022,0.082
9/28/2022,0.082
9/29/2022,0.082
9/30/2022,0.082
10/3/2022,0.077
10/4/2022,0.077
10/5/2022,0.077
10/6/2022,0.077
10/7/2022,0.077
10/10/2022,0.077
10/11/2022,0.077
10/12/2022,0.077
10/13/2022,0.077
10/14/2022,0.077
10/17/2022,0.077
10/18/2022,0.077
10/19/2022,0.077
10/20/2022,0.077
10/21/2022,0.077
10/24/2022,0.077
10/25/2022,0.077
10/26/2022,0.077
10/27/2022,0.077
10/28/2022,0.077
10/31/2022,0.077
11/1/2022,0.071
11/2/2022,0.071
11/3/2022,0.071
11/4/2022,0.071
11/7/2022,0.071
11/8/2022,0.071
11/9/2022,0.071
11/10/2022,0.071
11/11/2022,0.071
11/14/2022,0.071
11/15/2022,0.071
11/16/2022,0.071
11/17/2022,0.071
11/18/2022,0.071
11/21/2022,0.071
11/22/2022,0.071
11/23/2022,0.071
11/25/2022,0.071
11/28/2022,0.071
11/29/2022,0.071
11/30/2022,0.071
12/1/2022,0.065
12/2/2022,0.065
12/5/2022,0.065
12/6/2022,0.065
12/7/2022,0.065
12/8/2022,0.065
12/9/2022,0.065
12/12/2022,0.065
12/13/2022,0.065
12/14/2022,0.065
12/15/2022,0.065
12/16/2022,0.065
12/19/2022,0.065
12/20/2022,0.065
12/21/2022,0.065
12/22/2022,0.065
12/23/2022,0.065
12/27/2022,0.065
12/28/2022,0.065
12/29/2022,0.065
12/30/2022,0.065
1/3/2023,0.064
1/4/2023,0.064
1/5/2023,0.064
1/6/2023,0.064
1/9/2023,0.064
1/10/2023,0.064
1/11/2023,0.064
1/12/2023,0.064
1/13/2023,0.064
1/17/2023,0.064
1/18/2023,0.064
1/19/2023,0.064
1/20/2023,0.064
1/23/2023,0.064
1/24/2023,0.064
1/25/2023,0.064
1/26/2023,0.064
1/27/2023,0.064
1/30/2023,0.064
1/31/2023,0.064
2/1/2023,0.060
2/2/2023,0.060
2/3/2023,0.060
2/6/2023,0.060
2/7/2023,0.060
2/8/2023,0.060
2/9/2023,0.060
2/10/2023,0.060
2/13/2023,0.060
2/14/2023,0.060
2/15/2023,0.060
2/16/2023,0.060
2/17/2023,0.060
2/21/2023,0.060
2/22/2023,0.060
2/23/2023,0.060
2/24/2023,0.060
2/27/2023,0.060
2/28/2023,0.060
3/1/2023,0.050
3/2/2023,0.050
3/3/2023,0.050
3/6/2023,0.050
3/7/2023,0.050
3/8/2023,0.050
3/9/2023,0.050
3/10/2023,0.050
3/13/2023,0.050
3/14/2023,0.050
3/15/2023,0.050
3/16/2023,0.050
3/17/2023,0.050
3/20/2023,0.050
3/21/2023,0.050
3/22/2023,0.050
3/23/2023,0.050
3/24/2023,0.050
3/27/2023,0.050
3/28/2023,0.050
3/29/2023,0.050
3/30/2023,0.050
3/31/2023,0.050
4/3/2023,0.049
4/4/2023,0.049
4/5/2023,0.049
4/6/2023,0.049
4/10/2023,0.049
4/11/2023,0.049
4/12/2023,0.049
4/13/2023,0.049
4/14/2023,0.049
4/17/2023,0.049
4/18/2023,0.049
4/19/2023,0.049
4/20/2023,0.049
4/21/2023,0.049
4/24/2023,0.049
4/25/2023,0.049
4/26/2023,0.049
4/27/2023,0.049
4/28/2023,0.049
5/1/2023,0.040
5/2/2023,0.040
5/3/2023,0.040
5/4/2023,0.040
5/5/2023,0.040
5/8/2023,0.040
5/9/2023,0.040
5/10/2023,0.040
5/11/2023,0.040
5/12/2023,0.040
5/15/2023,0.040
5/16/2023,0.040
5/17/2023,0.040
5/18/2023,0.040
5/19/2023,0.040
5/22/2023,0.040
5/23/2023,0.040
5/24/2023,0.040
5/25/2023,0.040
5/26/2023,0.040
5/30/2023,0.040
5/31/2023,0.040
6/1/2023,0.030
6/2/2023,0.030
6/5/2023,0.030
6/6/2023,0.030
6/7/2023,0.030
6/8/2023,0.030
6/9/2023,0.030
6/12/2023,0.030
6/13/2023,0.030
6/14/2023,0.030
6/15/2023,0.030
6/16/2023,0.030
6/20/2023,0.030
6/21/2023,0.030
6/22/2023,0.030
6/23/2023,0.030
6/26/2023,0.030
6/27/2023,0.030
6/28/2023,0.030
6/29/2023,0.030
6/30/2023,0.030
7/3/2023,0.032
7/5/2023,0.032
7/6/2023,0.032
7/7/2023,0.032
7/10/2023,0.032
7/11/2023,0.032
7/12/2023,0.032
7/13/2023,0.032
7/14/2023,0.032
7/17/2023,0.032
7/18/2023,0.032
7/19/2023,0.032
7/20/2023,0.032
7/21/2023,0.032
7/24/2023,0.032
7/25/2023,0.032
7/26/2023,0.032
7/27/2023,0.032
7/28/2023,0.032
7/31/2023,0.032
8/1/2023,0.037
8/2/2023,0.037
8/3/2023,0.037
8/4/2023,0.037
8/7/2023,0.037
8/8/2023,0.037
8/9/2023,0.037
8/10/2023,0.037
8/11/2023,0.037
8/14/2023,0.037
8/15/2023,0.037
8/16/2023,0.037
8/17/2023,0.037
8/18/2023,0.037
8/21/2023,0.037
8/22/2023,0.037
8/23/2023,0.037
8/24/2023,0.037
8/25/2023,0.037
8/28/2023,0.037
8/29/2023,0.037
8/30/2023,0.037
8/31/2023,0.037
9/1/2023,0.037
9/5/2023,0.037
9/6/2023,0.037
9/7/2023,0.037
9/8/2023,0.037
9/11/2023,0.037
9/12/2023,0.037
9/13/2023,0.037
9/14/2023,0.037
9/15/2023,0.037
9/18/2023,0.037
9/19/2023,0.037
9/20/2023,0.037
9/21/2023,0.037
9/22/2023,0.037
9/25/2023,0.037
9/26/2023,0.037
9/27/2023,0.037
9/28/2023,0.037
9/29/2023,0.037
10/2/2023,0.032
10/3/2023,0.032
10/4/2023,0.032
10/5/2023,0.032
10/6/2023,0.032
10/9/2023,0.032
10/10/2023,0.032
10/11/2023,0.032
10/12/2023,0.032
10/13/2023,0.032
10/16/2023,0.032
10/17/2023,0.032
10/18/2023,0.032
10/19/2023,0.032
10/20/2023,0.032
10/23/2023,0.032
10/24/2023,0.032
10/25/2023,0.032
10/26/2023,0.032
10/27/2023,0.032
10/30/2023,0.032
10/31/2023,0.032
11/1/2023,0.031
11/2/2023,0.031
11/3/2023,0.031
11/6/2023,0.031
11/7/2023,0.031
11/8/2023,0.031
11/9/2023,0.031
11/10/2023,0.031
11/13/2023,0.031
11/14/2023,0.031
11/15/2023,0.031
11/16/2023,0.031
11/17/2023,0.031
11/20/2023,0.031
11/21/2023,0.031
11/22/2023,0.031
11/24/2023,0.031
11/27/2023,0.031
11/28/2023,0.031
11/29/2023,0.031
11/30/2023,0.031
12/1/2023,0.034
12/4/2023,0.034
12/5/2023,0.034
12/6/2023,0.034
12/7/2023,0.034
12/8/2023,0.034
12/11/2023,0.034
12/12/2023,0.034
12/13/2023,0.034
12/14/2023,0.034
12/15/2023,0.034
12/18/2023,0.034
12/19/2023,0.034
12/20/2023,0.034
12/21/2023,0.034
12/22/2023,0.034
12/26/2023,0.034
12/27/2023,0.034
12/28/2023,0.034
12/29/2023,0.034
